,playerID,W,L,G,GS,CG,SV,IPouts,H,ER,HR,BB,SO,BAOpp,IBB,WP,HBP,BK,BFP,GF,R,SH,SF,GIDP,Years_Played,HoF,votedBy,WAR,TimeFrame,Name,cluster
0,mathebo01,297,248,578,568,525,3,14868,5601,1573,70,532,1528,0.0,0.0,253,0.0,3,21997.0,12,3497,0.0,0.0,0.0,15,0.0,0,62.33,1871 - 1887,Bobby Mathews,1
1,galvipu01,365,310,705,688,646,2,18010,6405,1903,121,745,1807,0.0,0.0,221,0.0,2,25415.0,19,3352,0.0,0.0,0.0,15,1.0,Veterans,83.25,1875 - 1892,Pud Galvin,1
2,keefeti01,342,225,600,594,554,2,15149,4438,1474,75,1233,2564,0.0,0.0,240,0.0,0,20941.0,7,2470,0.0,0.0,0.0,14,1.0,Veterans,89.14,1880 - 1893,Tim Keefe,1
3,welchmi01,307,210,565,549,525,4,14406,4588,1447,106,1297,1850,0.0,0.0,274,0.0,1,20308.0,16,2556,0.0,0.0,0.0,13,1.0,Veterans,63.11,1880 - 1892,Mickey Welch,1
4,mullato01,284,220,555,504,468,15,13594,4195,1537,97,1408,1803,0.0,0.0,343,0.0,3,19407.0,52,2523,0.0,0.0,0.0,13,0.0,0,61.0,1881 - 1894,Tony Mullane,1
5,maulal01,84,80,188,168,144,1,4322,1680,713,60,519,352,0.0,0.0,53,0.0,4,6485.0,20,1088,0.0,0.0,0.0,15,0.0,0,11.34,1884 - 1901,Al Maul,1
6,terryad01,197,196,440,406,367,6,10543,3525,1460,76,1298,1553,0.0,0.0,206,148.0,1,15413.0,33,2303,0.0,0.0,0.0,14,0.0,0,29.56,1884 - 1897,Adonis Terry,1
7,weyhigu01,264,232,540,505,449,4,13011,4576,1872,120,1570,1667,0.0,0.0,240,277.0,4,19188.0,34,2796,0.0,0.0,0.0,14,0.0,0,47.68,1887 - 1901,Gus Weyhing,1
8,nichoki01,362,208,621,562,532,16,15202,4929,1664,156,1272,1881,0.0,0.0,169,129.0,1,21082.0,56,2480,0.0,0.0,0.0,15,1.0,Old Timers,116.71,1890 - 1906,Kid Nichols,1
9,youngcy01,511,315,906,815,749,18,22068,7092,2147,138,1217,2803,0.0,0.0,156,161.0,3,29579.0,84,3167,0.0,0.0,0.0,22,1.0,BBWAA,165.59,1890 - 1911,Cy Young,1
10,griffcl01,237,146,453,372,337,8,10157,3670,1246,76,774,955,0.0,0.0,66,171.0,3,14335.0,78,1852,0.0,0.0,0.0,20,1.0,Old Timers,59.9,1891 - 1914,Clark Griffith,1
11,donahre01,164,175,367,340,312,3,8899,3377,1191,61,689,787,0.0,0.0,27,113.0,1,12629.0,23,1638,0.0,0.0,0.0,13,0.0,0,30.08,1893 - 1906,Red Donahue,1
12,tanneje01,197,117,359,321,264,7,8278,2794,858,40,478,944,0.0,0.0,28,130.0,1,11236.0,37,1199,0.0,0.0,0.0,15,0.0,0,40.39,1894 - 1911,Jesse Tannehill,1
13,orthal01,204,189,440,394,324,6,10064,3564,1256,75,661,948,0.0,0.0,43,83.0,1,13837.0,44,1704,0.0,0.0,0.0,15,0.0,0,43.84,1895 - 1909,Al Orth,1
14,frasech01,175,212,434,388,342,6,10092,3462,1373,69,1338,1098,0.0,0.0,146,219.0,3,14553.0,43,2000,0.0,0.0,0.0,14,0.0,0,17.19,1896 - 1909,Chick Fraser,1
15,powelja01,245,255,578,516,422,15,13167,4319,1450,110,1021,1621,0.0,0.0,67,120.0,2,17896.0,57,1991,0.0,0.0,0.0,16,0.0,0,54.6,1897 - 1912,Jack Powell,1
16,wadderu01,193,143,407,340,261,5,8884,2460,711,37,803,2316,0.0,0.0,74,115.0,3,11717.0,54,1063,0.0,0.0,0.0,13,1.0,Old Timers,60.86,1897 - 1910,Rube Waddell,1
17,altroni01,83,75,218,161,128,7,4542,1455,445,16,272,425,0.0,0.0,31,22.0,1,6024.0,46,600,0.0,0.0,0.0,16,0.0,0,8.700000000000001,1898 - 1933,Nick Altrock,1
18,donovbi01,185,139,378,327,289,8,8894,2631,886,30,1059,1552,0.0,0.0,69,90.0,0,12201.0,49,1212,0.0,0.0,0.0,18,0.0,0,44.69,1898 - 1918,Bill Donovan,1
19,howelha01,131,146,340,282,244,6,7703,2435,781,27,677,986,0.0,0.0,51,97.0,1,10442.0,53,1158,0.0,0.0,0.0,13,0.0,0,33.0,1898 - 1910,Harry Howell,1
20,leevesa01,194,100,388,299,241,13,7982,2449,731,29,587,847,0.0,0.0,46,88.0,4,10662.0,75,1023,0.0,0.0,0.0,13,0.0,0,40.95,1898 - 1910,Sam Leever,1
21,willivi01,249,205,513,471,388,11,11988,3621,1167,66,1212,1651,0.0,0.0,94,156.0,6,16263.0,41,1620,0.0,0.0,0.0,13,1.0,Veterans,67.0,1898 - 1910,Vic Willis,1
22,phillde01,189,109,372,289,242,12,7821,2518,749,41,363,929,0.0,0.0,45,59.0,6,10380.0,72,1071,0.0,0.0,0.0,13,0.0,0,35.95,1899 - 1911,Deacon Phillippe,1
23,hugheto01,132,174,399,313,227,15,7932,2610,909,52,853,1368,0.0,0.0,83,101.0,3,11032.0,73,1292,0.0,0.0,0.0,13,0.0,0,13.15,1900 - 1913,Tom Hughes,1
24,mathech01,373,188,636,552,435,29,14366,4219,1135,90,848,2507,0.0,0.0,115,59.0,8,18943.0,73,1620,0.0,0.0,0.0,17,1.0,BBWAA,100.36,1900 - 1916,Christy Mathewson,1
25,mooreea01,163,154,388,326,230,6,8328,2474,856,57,1108,1403,0.0,0.0,78,106.0,0,11507.0,45,1231,0.0,0.0,0.0,14,0.0,0,31.43,1901 - 1914,Earl Moore,1
26,planked01,326,194,623,529,410,23,13487,3958,1174,42,1072,2246,0.0,0.0,87,191.0,6,17985.0,74,1563,0.0,0.0,0.0,17,1.0,Old Timers,87.52,1901 - 1917,Eddie Plank,1
27,whitedo01,189,156,427,363,262,5,9123,2738,808,33,670,1384,0.0,0.0,62,119.0,7,12096.0,52,1118,0.0,0.0,0.0,13,0.0,0,43.78,1901 - 1913,Doc White,1
28,mullige01,228,196,487,428,353,8,11060,3518,1156,42,1238,1482,0.0,0.0,85,130.0,1,15301.0,51,1636,0.0,0.0,0.0,14,0.0,0,34.77,1902 - 1915,George Mullin,1
29,amesre01,183,167,533,368,209,36,9594,2896,934,42,1034,1702,0.0,0.0,156,64.0,1,13080.0,116,1313,0.0,0.0,0.0,17,0.0,0,28.87,1903 - 1919,Red Ames,1
30,bendech01,212,127,459,334,255,34,9051,2645,823,40,712,1711,0.0,0.0,72,102.0,5,11928.0,109,1110,0.0,0.0,0.0,16,1.0,Veterans,42.77,1903 - 1925,Chief Bender,1
31,brownmo01,239,130,481,332,271,49,9517,2708,725,43,673,1375,0.0,0.0,59,63.0,4,12474.0,138,1044,0.0,0.0,0.0,14,1.0,Old Timers,57.21,1903 - 1916,Mordecai Brown,1
32,walshed01,195,126,430,315,250,35,8893,2346,598,23,617,1736,0.0,0.0,84,53.0,14,11500.0,104,873,0.0,0.0,0.0,14,1.0,Old Timers,63.76,1904 - 1917,Ed Walsh,1
33,cicoted01,209,149,502,361,249,24,9678,2897,853,32,827,1374,0.0,0.0,58,51.0,5,12703.0,106,1158,0.0,0.0,0.0,14,0.0,0,57.91,1905 - 1920,Eddie Cicotte,1
34,reulbed01,182,106,399,300,200,13,7897,2117,668,33,892,1137,0.0,0.0,49,107.0,8,10570.0,79,887,0.0,0.0,0.0,13,0.0,0,38.13,1905 - 1917,Ed Reulbach,1
35,adamsba01,194,140,482,355,206,15,8986,2841,917,68,430,1036,0.0,0.0,26,47.0,2,11947.0,89,1129,0.0,0.0,0.0,19,0.0,0,50.22,1906 - 1926,Babe Adams,1
36,coombja01,158,110,354,270,187,8,6960,2034,717,38,841,1052,0.0,0.0,54,88.0,1,9463.0,68,925,0.0,0.0,0.0,14,0.0,0,23.09,1906 - 1920,Jack Coombs,1
37,johnswa01,417,279,802,666,531,34,17744,4913,1424,97,1363,3509,0.0,0.0,155,203.0,4,23642.0,129,1902,0.0,0.0,0.0,21,1.0,BBWAA,152.25,1907 - 1927,Walter Johnson,1
38,marquru01,201,177,536,404,197,19,9920,3233,1130,107,858,1593,0.0,0.0,81,39.0,5,13657.0,82,1443,0.0,0.0,0.0,18,1.0,Veterans,34.71,1908 - 1925,Rube Marquard,1
39,sallesl01,174,143,476,307,189,36,8465,2729,804,68,573,836,0.0,0.0,12,43.0,5,11476.0,123,1091,0.0,0.0,0.0,14,0.0,0,35.03,1908 - 1921,Slim Sallee,1
40,vaughhi01,178,137,390,331,215,5,8190,2461,754,39,817,1416,0.0,0.0,63,85.0,7,11225.0,45,1039,0.0,0.0,0.0,13,0.0,0,47.1,1908 - 1921,Hippo Vaughn,1
41,quinnja01,247,218,756,444,243,57,11761,4238,1433,102,860,1329,0.0,0.0,59,94.0,5,16493.0,216,1835,0.0,0.0,0.0,23,0.0,0,59.77,1909 - 1933,Jack Quinn,1
42,bentoru01,150,144,437,305,145,21,7552,2472,863,52,712,950,0.0,0.0,66,95.0,6,10539.0,83,1115,0.0,0.0,0.0,15,0.0,0,17.95,1910 - 1925,Rube Benton,1
43,rudoldi01,121,108,279,241,172,8,6147,1971,605,35,402,786,0.0,0.0,39,27.0,3,8290.0,36,778,0.0,0.0,0.0,13,0.0,0,21.24,1910 - 1927,Dick Rudolph,1
44,alexape01,373,208,696,599,437,32,15570,4868,1476,164,951,2198,5.33,0.0,39,70.0,1,20928.0,80,1851,0.0,0.0,0.0,20,1.0,BBWAA,116.2,1911 - 1930,Pete Alexander,1
45,hamilea01,116,147,410,261,140,13,7028,2319,822,43,773,790,4.05,0.0,49,70.0,3,9755.0,97,1075,0.0,0.0,0.0,14,0.0,0,25.1,1911 - 1924,Earl Hamilton,1
46,mitchcl01,125,139,390,278,145,9,6651,2613,1016,116,624,543,7.05,0.0,38,52.0,4,9686.0,77,1215,0.0,0.0,0.0,18,0.0,0,20.44,1911 - 1932,Clarence Mitchell,1
47,mogrige01,132,131,398,261,138,20,6797,2352,808,77,565,678,4.24,0.0,24,76.0,1,9568.0,101,1001,0.0,0.0,0.0,15,0.0,0,28.92,1911 - 1927,George Mogridge,1
48,pfeffje01,158,112,347,280,194,10,7222,2320,742,67,592,836,3.88,0.0,34,105.0,4,9968.0,50,921,0.0,0.0,0.0,13,0.0,0,38.4,1911 - 1924,Jeff Pfeffer,1
49,smithsh01,114,118,373,224,142,21,6158,2234,757,57,440,428,4.9,0.0,17,42.0,3,8663.0,108,964,0.0,0.0,0.0,14,0.0,0,24.54,1911 - 1927,Sherry Smith,1
50,bushjo01,195,183,489,366,225,20,9262,2992,1205,96,1263,1319,5.3,0.0,90,62.0,1,13185.0,93,1443,0.0,0.0,0.0,17,0.0,0,31.5,1912 - 1928,Bullet Joe Bush,1
51,coopewi01,216,178,517,408,279,14,10440,3415,1119,103,853,1252,4.300000000000001,0.0,44,100.0,0,14377.0,84,1406,0.0,0.0,0.0,15,0.0,0,48.9,1912 - 1926,Wilbur Cooper,1
52,covelst01,215,142,450,385,224,21,9246,3055,990,66,802,981,3.63,0.0,35,30.0,1,12746.0,52,1237,0.0,0.0,0.0,14,1.0,Veterans,66.58,1912 - 1928,Stan Coveleski,1
53,daussho01,222,182,538,388,245,40,10172,3407,1245,87,1067,1201,3.86,0.0,48,121.0,4,14203.0,121,1599,0.0,0.0,0.0,15,0.0,0,36.78,1912 - 1926,Hooks Dauss,1
54,doakbi01,169,157,453,368,162,16,8348,2676,920,71,851,1014,4.710000000000001,0.0,38,65.0,4,11582.0,63,1184,0.0,0.0,0.0,16,0.0,0,29.17,1912 - 1929,Bill Doak,1
55,pennohe01,240,162,617,420,247,32,10715,3900,1428,128,916,1227,6.409999999999998,0.0,65,36.0,6,15154.0,133,1692,0.0,0.0,0.0,22,1.0,BBWAA,44.73,1912 - 1934,Herb Pennock,1
56,rixeyep01,266,251,692,552,290,14,13484,4633,1572,92,1082,1350,5.65,0.0,97,76.0,10,18754.0,97,1986,0.0,0.0,0.0,21,1.0,Veterans,57.35,1912 - 1933,Eppa Rixey,1
57,shawkbo01,196,150,488,334,197,28,8811,2722,1008,114,1018,1360,3.88,0.0,40,48.0,1,12074.0,113,1200,0.0,0.0,0.0,15,0.0,0,46.43,1913 - 1927,Bob Shawkey,1
58,faberre01,254,213,669,483,273,28,12260,4106,1430,111,1213,1471,5.280000000000001,0.0,52,103.0,2,17360.0,134,1813,0.0,0.0,0.0,20,1.0,Veterans,67.67,1914 - 1933,Red Faber,1
59,jonessa01,229,217,647,487,250,31,11649,4084,1656,152,1396,1223,5.83,0.0,73,68.0,5,16699.0,115,2007,0.0,0.0,0.0,22,0.0,0,39.66,1914 - 1935,Sad Sam Jones,1
60,luquedo01,194,179,550,365,206,28,9661,3231,1161,113,918,1130,5.0200000000000005,0.0,50,26.0,5,13470.0,128,1412,0.0,0.0,0.0,20,0.0,0,43.82,1914 - 1935,Dolf Luque,1
61,barneje01,152,150,422,314,180,13,7709,2686,918,88,515,653,3.83,0.0,22,25.0,0,10676.0,76,1150,0.0,0.0,0.0,13,0.0,0,21.42,1915 - 1927,Jesse Barnes,1
62,ehmkeho01,166,166,427,339,199,14,8462,2873,1174,103,1042,1030,14.109999999999998,0.0,28,137.0,8,12110.0,70,1425,0.0,0.0,0.0,15,0.0,0,39.81,1915 - 1930,Howard Ehmke,1
63,maysca01,207,126,490,325,231,31,9064,2912,979,73,734,862,4.140000000000001,0.0,34,89.0,1,12385.0,125,1211,0.0,0.0,0.0,15,0.0,0,43.64,1915 - 1929,Carl Mays,1
64,meadole01,188,180,490,406,219,7,9482,3280,1185,84,956,1063,5.05,0.0,60,90.0,6,13371.0,56,1491,0.0,0.0,0.0,15,0.0,0,30.71,1915 - 1929,Lee Meadows,1
65,nehfar01,184,120,451,319,182,13,8123,2715,964,107,640,844,4.800000000000001,0.0,34,40.0,3,11185.0,84,1164,0.0,0.0,0.0,15,0.0,0,24.71,1915 - 1929,Art Nehf,1
66,vanceda01,197,140,442,347,216,11,8900,2809,1068,132,840,2045,5.149999999999999,0.0,37,77.0,2,12369.0,53,1246,0.0,0.0,0.0,16,1.0,BBWAA,62.940000000000005,1915 - 1935,Dazzy Vance,1
67,grimebu01,270,212,616,497,314,18,12540,4412,1638,148,1295,1512,6.19,0.0,92,97.0,12,17959.0,94,2048,0.0,0.0,0.0,19,1.0,Veterans,46.73,1916 - 1934,Burleigh Grimes,1
68,shockur01,187,117,412,317,200,25,8045,2709,945,126,657,983,3.46,0.0,20,37.0,3,11140.0,68,1127,0.0,0.0,0.0,13,0.0,0,54.71,1916 - 1928,Urban Shocker,1
69,carlsha01,114,120,377,238,121,19,6006,2256,883,93,498,590,4.399999999999999,0.0,18,36.0,2,8522.0,96,1013,0.0,0.0,0.0,14,0.0,0,25.18,1917 - 1930,Hal Carlson,1
70,mayja01,72,95,410,161,70,19,4687,1645,673,35,617,765,3.91,0.0,31,88.0,4,6831.0,150,808,0.0,0.0,0.0,14,0.0,0,8.49,1917 - 1932,Jakie May,1
71,haineje01,210,158,555,388,208,10,9626,3460,1298,165,871,981,5.27,0.0,55,57.0,6,13644.0,95,1556,0.0,0.0,0.0,19,1.0,Veterans,35.69,1918 - 1937,Jesse Haines,1
72,hoytwa01,237,182,674,423,226,52,11287,4037,1500,154,1003,1206,6.69,0.0,39,49.0,5,16123.0,175,1780,0.0,0.0,0.0,21,1.0,Veterans,54.11,1918 - 1938,Waite Hoyt,1
73,sherdbi01,165,146,514,272,159,26,8128,3018,1120,149,661,839,4.88,0.0,26,54.0,3,11604.0,163,1326,0.0,0.0,0.0,15,0.0,0,27.65,1918 - 1932,Bill Sherdel,1
74,zachato01,186,191,533,409,186,22,9379,3580,1295,119,914,720,7.73,0.0,38,41.0,15,13551.0,84,1552,0.0,0.0,0.0,19,0.0,0,37.5,1918 - 1936,Tom Zachary,1
75,uhlege01,200,166,513,368,232,25,9359,3417,1384,119,966,1135,5.74,0.0,55,113.0,5,13639.0,114,1635,0.0,0.0,0.0,17,0.0,0,45.1,1919 - 1936,George Uhle,1
76,heimafr01,62,69,296,127,56,7,3866,1510,639,64,360,334,4.37,0.0,14,27.0,4,5674.0,104,755,0.0,0.0,0.0,13,0.0,0,5.61,1920 - 1933,Fred Heimach,1
77,rommeed01,171,119,500,249,147,29,7669,2729,1006,138,724,599,3.58,0.0,34,31.0,5,10873.0,182,1213,0.0,0.0,0.0,13,0.0,0,50.28,1920 - 1932,Eddie Rommel,1
78,johnssy01,112,117,542,210,82,43,6497,2290,977,173,488,920,5.340000000000001,0.0,22,48.0,3,9124.0,201,1099,0.0,0.0,0.0,19,0.0,0,29.41,1922 - 1940,Syl Johnson,1
79,shautjo01,99,109,360,208,103,18,5455,2097,838,75,534,512,3.86,0.0,34,24.0,3,7928.0,102,1043,0.0,0.0,0.0,13,0.0,0,14.42,1922 - 1934,Joe Shaute,1
80,bentola01,127,128,455,258,122,22,6891,2559,1029,109,691,670,4.41,0.0,47,25.0,1,9864.0,113,1190,0.0,0.0,0.0,13,0.0,0,19.79,1923 - 1935,Larry Benton,1
81,bushgu01,176,136,542,308,151,34,8166,2950,1166,152,859,850,4.950000000000001,0.0,51,41.0,2,11750.0,145,1369,0.0,0.0,0.0,17,0.0,0,21.97,1923 - 1945,Guy Bush,1
82,lucasre01,157,135,396,301,204,7,7626,2736,1051,136,455,602,4.170000000000001,0.0,7,23.0,6,10648.0,70,1198,0.0,0.0,0.0,15,0.0,0,32.68,1923 - 1938,Red Lucas,1
83,lyonste01,260,230,594,484,356,23,12483,4489,1696,223,1121,1073,5.72,0.0,55,31.0,6,17846.0,92,2056,0.0,0.0,0.0,21,1.0,BBWAA,66.76,1923 - 1946,Ted Lyons,1
84,marbefi01,148,88,551,187,86,101,6202,2049,834,96,686,822,4.07,0.0,14,38.0,4,8769.0,271,971,0.0,0.0,0.0,14,0.0,0,31.74,1923 - 1936,Firpo Marberry,1
85,rootch01,201,160,632,341,177,40,9592,3252,1274,187,889,1459,4.51,0.0,22,79.0,3,13529.0,185,1467,0.0,0.0,0.0,17,0.0,0,37.48,1923 - 1941,Charlie Root,1
86,walberu01,155,141,544,307,140,32,7932,2795,1223,163,1031,1085,4.359999999999999,0.0,40,27.0,2,11538.0,145,1423,0.0,0.0,0.0,15,0.0,0,38.91,1923 - 1937,Rube Walberg,1
87,whiteea01,218,185,541,473,226,11,10694,3917,1726,192,1431,1350,4.650000000000001,0.0,43,101.0,6,15795.0,46,2018,0.0,0.0,0.0,17,0.0,0,36.11,1923 - 1939,Earl Whitehill,1
88,ruffire01,273,225,624,536,335,16,13032,4284,1833,254,1541,1987,5.930000000000001,0.0,46,58.0,7,18579.0,71,2117,0.0,0.0,0.0,22,1.0,Run Off,55.35,1924 - 1947,Red Ruffing,1
89,fitzsfr01,217,146,513,426,186,13,9671,3335,1257,186,846,870,5.410000000000001,0.0,58,33.0,3,13570.0,64,1505,0.0,0.0,0.0,19,0.0,0,33.6,1925 - 1943,Freddie Fitzsimmons,1
90,grovele01,300,141,616,457,298,55,11822,3849,1339,162,1187,2266,4.31,0.0,51,42.0,1,16633.0,123,1594,0.0,0.0,0.0,17,1.0,BBWAA,113.25,1925 - 1941,Lefty Grove,1
91,smithbo02,106,139,435,229,128,40,6739,2472,983,132,670,618,3.91,0.0,11,18.0,4,9652.0,156,1139,0.0,0.0,0.0,13,0.0,0,23.68,1923 - 1937,Bob Smith,1
92,hadlebu01,161,165,528,355,135,25,8837,2980,1389,167,1442,1318,4.91,0.0,71,66.0,5,13034.0,108,1609,0.0,0.0,0.0,16,0.0,0,35.27,1926 - 1941,Bump Hadley,1
93,hudliwi01,158,156,491,328,155,31,7840,3011,1281,118,846,677,5.659999999999999,0.0,41,44.0,9,11546.0,105,1491,0.0,0.0,0.0,16,0.0,0,30.6,1926 - 1944,Willis Hudlin,1
94,macfada01,132,159,465,332,158,9,8118,2981,1191,112,872,797,5.4,0.0,20,64.0,3,11805.0,76,1395,0.0,0.0,0.0,17,0.0,0,25.98,1926 - 1943,Danny MacFayden,1
95,russeja01,85,141,557,182,71,38,6152,2454,1017,83,571,418,5.050000000000001,0.0,22,29.0,5,9020.0,209,1187,0.0,0.0,0.0,15,0.0,0,18.03,1926 - 1940,Jack Russell,1
96,applepe01,57,66,341,71,34,26,3423,1187,545,76,486,420,4.54,0.0,32,26.0,1,5044.0,186,667,0.0,0.0,0.0,14,0.0,0,8.02,1927 - 1945,Pete Appleton,1
97,coffmdi01,72,95,472,132,47,38,4381,1782,755,92,463,372,4.829999999999999,0.0,17,35.0,1,6542.0,194,894,0.0,0.0,0.0,15,0.0,0,7.99,1927 - 1945,Dick Coffman,1
98,ferrewe01,193,128,374,323,227,13,7869,2845,1177,132,1040,985,4.960000000000001,0.0,35,23.0,6,11568.0,43,1382,0.0,0.0,0.0,15,0.0,0,48.84,1927 - 1941,Wes Ferrell,1
99,frankfr02,106,97,402,216,81,12,5664,2033,822,111,701,622,3.81,0.0,32,43.0,6,8287.0,115,969,0.0,0.0,0.0,13,0.0,0,16.580000000000002,1927 - 1939,Fred Frankhouse,1
100,browncl01,89,93,434,130,62,64,4457,1740,704,84,368,410,4.43,0.0,18,20.0,0,6495.0,249,830,0.0,0.0,0.0,15,0.0,0,20.01,1928 - 1942,Clint Brown,1
101,hardeme01,223,186,582,433,181,23,10279,3706,1447,161,1118,1160,5.510000000000002,0.0,33,59.0,2,14862.0,95,1714,0.0,0.0,0.0,20,0.0,0,48.47,1928 - 1947,Mel Harder,1
102,hubbeca01,253,154,535,431,260,33,10771,3461,1188,227,725,1677,3.97,0.0,53,53.0,1,14805.0,82,1380,0.0,0.0,0.0,16,1.0,BBWAA,68.84,1928 - 1943,Carl Hubbell,1
103,johnssi01,101,165,492,272,108,15,6844,2510,1036,120,687,840,5.609999999999999,0.0,26,36.0,3,9903.0,115,1226,0.0,0.0,0.0,17,0.0,0,12.09,1928 - 1947,Si Johnson,1
104,frencla01,197,171,570,384,198,17,9456,3375,1206,164,819,1187,3.99,0.0,34,42.0,4,13465.0,109,1440,0.0,0.0,0.0,14,0.0,0,45.0,1929 - 1942,Larry French,1
105,newsobo01,211,222,600,483,246,21,11278,3769,1664,206,1732,2082,7.69,0.0,60,61.0,7,16467.0,71,1908,0.0,0.0,0.0,20,0.0,0,51.26,1929 - 1953,Bobo Newsom,1
106,wyattwh01,106,95,360,210,97,13,5283,1684,741,98,642,872,4.57,0.0,24,33.0,2,7521.0,101,860,0.0,0.0,0.0,16,0.0,0,22.06,1929 - 1945,Whit Wyatt,1
107,bridgto01,194,138,424,362,200,10,8479,2675,1122,181,1192,1674,3.940000000000001,0.0,59,35.0,8,12165.0,47,1321,0.0,0.0,0.0,16,0.0,0,51.61,1930 - 1946,Tommy Bridges,1
108,gomezle01,189,102,368,320,173,9,7509,2290,930,138,1095,1468,3.45,0.0,39,19.0,0,10729.0,31,1091,0.0,0.0,0.0,14,1.0,Veterans,43.18,1930 - 1943,Lefty Gomez,1
109,hevinjo02,76,48,430,40,17,63,3116,1136,450,64,380,429,3.93,0.0,14,24.0,3,4579.0,232,559,0.0,0.0,0.0,13,0.0,0,9.58,1930 - 1945,Joe Heving,1
110,warnelo01,192,121,445,343,192,13,8347,2726,984,175,739,1140,4.13,0.0,50,27.0,1,11608.0,65,1164,0.0,0.0,0.0,15,0.0,0,42.11,1930 - 1945,Lon Warneke,1
111,derripa01,223,212,579,445,251,29,10935,3912,1401,158,761,1507,4.38,0.0,50,32.0,2,15391.0,98,1652,0.0,0.0,0.0,15,0.0,0,38.96,1931 - 1945,Paul Derringer,1
112,mungova01,120,115,364,259,123,16,6339,1957,815,89,868,1242,3.31,0.0,52,33.0,5,9033.0,61,957,0.0,0.0,0.0,14,0.0,0,30.75,1931 - 1945,Van Mungo,1
113,schumha02,158,121,391,329,138,7,7447,2424,926,139,902,906,3.39,0.0,54,24.0,0,10571.0,38,1080,0.0,0.0,0.0,13,0.0,0,26.94,1931 - 1946,Hal Schumacher,1
114,allenjo02,142,75,352,241,109,18,5851,1849,813,104,738,1070,3.67,0.0,68,38.0,5,8292.0,68,924,0.0,0.0,0.0,13,0.0,0,27.88,1932 - 1944,Johnny Allen,1
115,murphjo04,93,53,415,40,17,107,3135,985,406,52,444,378,3.33,0.0,15,5.0,0,4471.0,293,464,0.0,0.0,0.0,13,0.0,0,15.53,1932 - 1947,Johnny Murphy,1
116,sewelri01,143,97,390,243,137,15,6358,2101,819,116,748,636,3.4399999999999995,0.0,30,23.0,2,9101.0,88,983,0.0,0.0,0.0,13,0.0,0,25.13,1932 - 1949,Rip Sewell,1
117,dietrbi01,108,128,366,253,92,11,6011,2117,997,128,890,660,4.89,0.0,44,22.0,4,8874.0,72,1146,0.0,0.0,0.0,16,0.0,0,7.5,1933 - 1948,Bill Dietrich,1
118,leeth01,117,124,374,272,155,10,6994,2327,921,121,838,937,4.11,0.0,24,43.0,7,9999.0,50,1105,0.0,0.0,0.0,16,0.0,0,34.99,1933 - 1948,Thornton Lee,1
119,leonadu02,191,181,640,374,192,44,9655,3304,1162,158,737,1170,5.130000000000002,0.0,97,56.0,6,13487.0,171,1432,0.0,0.0,0.0,20,0.0,0,51.71,1933 - 1953,Dutch Leonard,1
120,rowesc01,158,101,382,278,137,12,6658,2332,955,132,558,913,4.2700000000000005,0.0,22,27.0,5,9398.0,74,1075,0.0,0.0,0.0,15,0.0,0,34.33,1933 - 1949,Schoolboy Rowe,1
121,bentoal01,98,88,455,167,58,66,5065,1672,686,106,733,697,3.61,0.0,36,15.0,2,7342.0,171,831,0.0,0.0,0.0,14,0.0,0,24.76,1934 - 1952,Al Benton,1
122,daviscu01,158,131,429,281,141,33,6975,2459,884,142,479,684,4.15,0.0,20,47.0,2,9752.0,111,1033,0.0,0.0,0.0,13,0.0,0,37.91,1934 - 1946,Curt Davis,1
123,galehde01,109,118,375,258,100,13,6012,2148,885,104,735,851,4.78,0.0,29,18.0,3,8688.0,67,999,0.0,0.0,0.0,15,0.0,0,26.73,1934 - 1949,Denny Galehouse,1
124,leebi02,169,157,462,378,182,13,8592,2953,1127,138,893,998,4.26,0.0,54,24.0,5,12187.0,46,1304,0.0,0.0,0.0,14,0.0,0,32.53,1934 - 1947,Bill Lee,1
125,osterfr01,114,115,390,246,113,15,6200,2170,917,105,835,774,4.45,0.0,60,21.0,1,9116.0,86,1062,0.0,0.0,0.0,15,0.0,0,34.31,1934 - 1948,Fritz Ostermueller,1
126,waltebu01,198,160,428,398,242,4,9314,2990,1139,154,1121,1107,4.43,0.0,63,51.0,6,13140.0,18,1343,0.0,0.0,0.0,16,0.0,0,46.45,1931 - 1950,Bucky Walters,1
127,gumbeha01,143,113,508,235,96,48,6468,2186,882,121,721,709,4.870000000000001,0.0,40,23.0,3,9217.0,180,1012,0.0,0.0,0.0,15,0.0,0,17.54,1935 - 1950,Harry Gumbert,1
128,passecl01,162,150,444,331,188,21,8159,2856,1003,105,728,1104,3.94,0.0,22,39.0,1,11642.0,85,1204,0.0,0.0,0.0,13,0.0,0,43.44,1935 - 1947,Claude Passeau,1
129,shouncl01,73,59,454,85,34,29,3861,1325,559,81,404,483,4.48,0.0,15,10.0,2,5466.0,207,631,0.0,0.0,0.0,14,0.0,0,8.08,1935 - 1949,Clyde Shoun,1
130,fellebo01,266,162,570,484,279,21,11481,3271,1384,224,1764,2581,4.130000000000001,0.0,75,60.0,13,16180.0,52,1557,0.0,0.0,0.0,18,1.0,BBWAA,65.19,1936 - 1956,Bob Feller,1
131,heintke01,77,98,319,183,66,10,4505,1540,656,100,630,564,3.65,0.0,33,14.0,4,6497.0,72,746,0.0,0.0,0.0,13,0.0,0,16.79,1937 - 1952,Ken Heintzelman,1
132,vandejo01,119,121,346,285,131,2,6314,1799,805,100,1132,1294,3.23,0.0,37,21.0,3,9034.0,28,915,0.0,0.0,0.0,13,0.0,0,26.74,1937 - 1951,Johnny Vander Meer,1
133,laniema01,108,82,327,204,91,17,4858,1490,541,65,611,821,3.84,0.0,13,18.0,8,6772.0,62,630,0.0,0.0,0.0,14,0.0,0,30.36,1938 - 1953,Max Lanier,1
134,dicksmu01,172,181,625,338,149,23,9157,3029,1240,302,1058,1281,5.16,0.0,34,37.0,2,12936.0,147,1431,0.0,0.0,0.0,18,0.0,0,42.98,1939 - 1959,Murry Dickson,1
135,dobsojo01,137,103,414,273,112,18,6510,2048,874,137,851,992,3.59,0.0,55,10.0,10,9159.0,84,981,0.0,0.0,0.0,14,0.0,0,27.66,1939 - 1954,Joe Dobson,1
136,haynejo01,76,82,379,147,53,21,4743,1672,704,95,620,475,3.790000000000001,0.0,35,26.0,4,6890.0,159,823,0.0,0.0,0.0,14,0.0,0,8.99,1939 - 1952,Joe Haynes,1
137,mastewa02,78,100,399,184,70,20,4949,1613,760,101,886,815,4.24,0.0,33,28.0,1,7281.0,115,888,0.0,0.0,0.0,14,0.0,0,10.93,1939 - 1956,Walt Masterson,1
138,newhoha01,207,150,488,374,212,26,8979,2674,1016,137,1249,1796,3.93,0.0,65,19.0,7,12648.0,79,1197,0.0,0.0,0.0,17,1.0,Veterans,60.0,1939 - 1955,Hal Newhouser,1
139,raffeke01,119,154,396,282,133,16,6455,2257,860,192,449,806,4.449999999999999,0.0,10,19.0,3,9051.0,66,993,0.0,0.0,0.0,15,0.0,0,34.0,1939 - 1954,Ken Raffensberger,1
140,troutdi01,170,161,521,322,158,35,8177,2641,979,112,1046,1256,4.65,0.0,50,34.0,7,11615.0,134,1166,0.0,0.0,0.0,15,0.0,0,45.21,1939 - 1957,Dizzy Trout,1
141,wynnea01,300,244,691,612,290,15,13692,4291,1796,338,1775,2334,5.7,0.0,51,64.0,2,19408.0,66,2037,0.0,0.0,0.0,23,1.0,BBWAA,51.53,1939 - 1963,Early Wynn,1
142,gromest01,123,108,447,225,92,23,6194,1940,782,186,630,904,4.59,0.0,18,68.0,3,8676.0,110,893,0.0,0.0,0.0,17,0.0,0,22.57,1941 - 1957,Steve Gromek,1
143,polleho01,131,116,403,278,116,20,6322,2096,821,146,745,934,4.42,0.0,34,23.0,1,8980.0,53,957,0.0,0.0,0.0,14,0.0,0,33.83,1941 - 1956,Howie Pollet,1
144,schmijo01,93,114,366,235,86,20,5438,1766,714,97,757,746,4.420000000000001,0.0,40,35.0,6,7779.0,81,841,0.0,0.0,0.0,13,0.0,0,24.56,1941 - 1956,Johnny Schmitz,1
145,truckvi01,177,135,517,328,124,30,8047,2416,1009,188,1088,1534,4.719999999999999,0.0,63,47.0,6,11378.0,113,1124,0.0,0.0,0.0,17,0.0,0,42.34,1941 - 1958,Virgil Trucks,1
146,reynoal01,182,107,434,309,137,49,7477,2193,915,133,1261,1423,3.05,0.0,59,57.0,6,10660.0,97,1026,0.0,0.0,0.0,13,0.0,0,25.66,1942 - 1954,Allie Reynolds,1
147,spahnwa01,363,245,750,665,382,29,15731,4830,1798,434,1434,2583,5.41,0.0,81,42.0,5,21547.0,68,2016,0.0,0.0,0.0,21,1.0,BBWAA,92.48,1942 - 1965,Warren Spahn,1
148,byrneto01,85,69,281,170,65,12,4086,1138,622,98,1037,766,3.5000000000000004,0.0,28,85.0,4,6181.0,72,688,0.0,0.0,0.0,13,0.0,0,6.34,1943 - 1957,Tommy Byrne,1
149,mclisca01,92,92,352,209,57,6,4827,1685,715,164,552,713,5.100000000000001,0.0,38,27.0,3,6938.0,70,824,0.0,0.0,0.0,15,0.0,0,7.62,1944 - 1964,Cal McLish,1
150,nuxhajo01,135,117,526,287,83,19,6908,2310,998,209,776,1372,4.67,0.0,45,70.0,7,9813.0,100,1093,0.0,0.0,0.0,16,0.0,0,26.81,1944 - 1966,Joe Nuxhall,1
151,piercbi02,211,169,585,432,193,32,9920,2989,1201,284,1178,1999,4.17,0.0,48,30.0,10,13853.0,84,1325,0.0,0.0,0.0,18,0.0,0,53.32,1945 - 1964,Billy Pierce,1
152,wehmehe01,92,108,361,240,79,9,5409,1806,961,210,852,794,4.19,0.0,48,31.0,3,7925.0,48,1044,0.0,0.0,0.0,13,0.0,0,6.41,1945 - 1958,Herm Wehmeier,1
153,lemonbo01,207,128,460,350,188,22,8550,2559,1024,181,1251,1277,3.2,0.0,63,57.0,2,12099.0,73,1185,0.0,0.0,0.0,13,1.0,BBWAA,37.54,1941 - 1958,Bob Lemon,1
154,meyerru01,94,73,319,219,65,5,4594,1606,679,136,541,672,3.93,0.0,36,15.0,5,6570.0,47,761,0.0,0.0,0.0,13,0.0,0,12.66,1946 - 1959,Russ Meyer,1
155,hearnji01,109,89,396,229,63,8,5111,1661,721,157,655,669,3.71,0.0,34,25.0,1,7294.0,73,847,0.0,0.0,0.0,13,0.0,0,17.06,1947 - 1959,Jim Hearn,1
156,simmocu01,193,183,569,462,163,5,10045,3313,1318,255,1063,1697,6.290000000000001,0.0,39,53.0,4,14144.0,54,1551,0.0,0.0,0.0,20,0.0,0,42.64,1947 - 1967,Curt Simmons,1
157,stalege01,134,111,640,186,58,61,5945,2070,814,187,529,727,5.680000000000001,0.0,27,63.0,2,8398.0,246,946,0.0,0.0,0.0,15,0.0,0,21.53,1947 - 1961,Gerry Staley,1
158,stobbch01,107,130,459,238,65,19,5761,2003,916,183,735,897,4.37,0.0,30,35.0,3,8378.0,105,1030,0.0,0.0,0.0,15,0.0,0,14.21,1947 - 1961,Chuck Stobbs,1
159,garcimi01,142,97,428,281,111,23,6524,2148,789,122,719,1117,3.850000000000001,0.0,30,33.0,2,9237.0,77,888,0.0,0.0,0.0,14,0.0,0,30.69,1948 - 1961,Mike Garcia,1
160,garvene01,129,157,402,330,153,12,7432,2471,1027,213,881,881,3.86,0.0,49,41.0,7,10583.0,40,1184,0.0,0.0,0.0,14,0.0,0,38.74,1948 - 1961,Ned Garver,1
161,roberro01,286,245,676,609,305,25,14066,4582,1774,505,902,2357,5.39,0.0,33,54.0,3,19174.0,49,1962,0.0,0.0,0.0,19,1.0,BBWAA,83.0,1948 - 1966,Robin Roberts,1
162,rushbo01,127,152,417,321,118,8,7232,2327,977,177,789,1244,3.64,0.0,50,34.0,1,10219.0,44,1128,0.0,0.0,0.0,13,0.0,0,36.47,1948 - 1960,Bob Rush,1
163,shantbo01,119,99,537,171,78,48,5807,1795,726,151,643,1072,4.63,0.0,29,41.0,6,8045.0,192,817,0.0,0.0,0.0,16,0.0,0,32.14,1949 - 1964,Bobby Shantz,1
164,burdele01,203,144,626,373,158,31,9202,3186,1246,289,628,1074,5.9,0.0,23,56.0,7,12745.0,128,1400,0.0,0.0,0.0,18,0.0,0,25.51,1950 - 1967,Lew Burdette,1
165,donovdi01,122,99,345,273,101,5,6052,1988,822,198,495,880,4.110000000000001,0.0,18,45.0,6,8407.0,28,909,0.0,0.0,0.0,15,0.0,0,20.83,1950 - 1965,Dick Donovan,1
166,fordwh01,236,106,498,438,156,10,9511,2766,967,228,1086,1956,3.7,0.0,75,28.0,5,13036.0,35,1107,0.0,0.0,0.0,16,1.0,BBWAA,53.57,1950 - 1967,Whitey Ford,1
167,herbera01,104,107,407,236,68,15,5644,2000,839,167,571,864,4.049999999999999,0.0,38,24.0,2,8010.0,74,927,0.0,0.0,0.0,14,0.0,0,16.25,1950 - 1966,Ray Herbert,1
168,klippjo01,101,118,711,161,37,66,5903,1915,927,203,978,1158,5.020000000000001,0.0,97,70.0,6,8656.0,275,1059,0.0,0.0,0.0,18,0.0,0,13.65,1950 - 1967,Johnny Klippstein,1
169,labincl01,77,56,513,38,7,96,3239,1043,435,81,396,551,3.89,0.0,27,11.0,0,4577.0,288,492,0.0,0.0,0.0,13,0.0,0,14.26,1950 - 1962,Clem Labine,0
170,lawve01,162,147,483,364,119,13,8016,2833,1118,268,597,1092,4.359999999999999,0.0,39,40.0,3,11231.0,77,1274,0.0,0.0,0.0,16,0.0,0,26.040000000000003,1950 - 1967,Vern Law,1
171,brownha01,85,92,358,211,47,11,5040,1677,712,173,389,710,4.15,0.0,37,14.0,2,6991.0,72,781,0.0,0.0,0.0,14,0.0,0,16.76,1951 - 1964,Hal Brown,1
172,frienbo01,197,230,602,497,163,11,10833,3772,1438,286,894,1734,4.590000000000001,0.0,50,46.0,13,15214.0,56,1652,0.0,0.0,0.0,16,0.0,0,46.76,1951 - 1966,Bob Friend,1
173,haddiha01,136,113,453,285,99,21,6705,2154,901,240,601,1575,3.69,0.0,58,43.0,3,9330.0,84,1012,0.0,0.0,0.0,14,0.0,0,29.87,1952 - 1965,Harvey Haddix,1
174,henrybi01,46,50,527,44,12,90,2739,842,331,89,296,621,4.18,0.0,25,25.0,3,3833.0,252,386,0.0,0.0,0.0,16,0.0,0,14.71,1952 - 1969,Bill Henry,0
175,hoeftbi01,97,101,505,200,75,33,5542,1820,809,173,685,1140,4.54,0.0,34,33.0,1,7914.0,131,883,0.0,0.0,0.0,15,0.0,0,17.14,1952 - 1966,Billy Hoeft,1
176,klinero01,114,144,736,203,44,108,6234,2113,866,218,731,989,5.431000000000001,0.0,59,33.0,7,8868.0,338,991,0.0,0.0,0.0,17,0.0,0,20.21,1952 - 1970,Ron Kline,1
177,millest01,105,103,704,93,24,154,5082,1522,610,140,600,1164,4.440000000000001,0.0,25,39.0,3,7083.0,405,697,0.0,0.0,0.0,16,0.0,0,27.24,1952 - 1968,Stu Miller,0
178,wilheho01,143,122,1070,52,20,227,6763,1757,632,150,778,1610,5.578,0.0,90,62.0,4,9164.0,651,773,0.0,0.0,0.0,21,1.0,BBWAA,49.68,1952 - 1972,Hoyt Wilhelm,0
179,buhlbo01,166,132,457,369,111,6,7761,2446,1019,238,1105,1268,4.870000000000001,0.0,68,37.0,7,11045.0,38,1162,0.0,0.0,0.0,15,0.0,0,27.96,1953 - 1967,Bob Buhl,1
180,facero01,104,95,848,27,6,193,4125,1347,531,141,362,877,4.559999999999999,0.0,32,14.0,2,5691.0,574,591,0.0,0.0,0.0,16,0.0,0,21.03,1953 - 1969,Roy Face,0
181,jayjo01,99,91,310,203,63,7,4639,1460,648,153,607,999,3.28,0.0,54,36.0,2,6583.0,53,714,0.0,0.0,0.0,13,0.0,0,15.66,1953 - 1966,Joey Jay,1
182,larsedo01,81,91,412,171,44,26,4644,1442,650,130,725,849,4.37,0.0,39,26.0,0,6708.0,132,728,0.0,0.0,0.0,14,0.0,0,12.51,1953 - 1967,Don Larsen,1
183,podrejo01,148,116,440,340,77,11,6795,2239,925,242,743,1435,4.369999999999999,0.0,66,28.0,8,9571.0,46,1026,0.0,0.0,0.0,15,0.0,0,28.23,1953 - 1969,Johnny Podres,1
184,worthal01,75,82,602,69,11,110,3740,1130,469,105,527,834,4.000000000000001,0.0,44,27.0,2,5331.0,314,546,0.0,0.0,0.0,14,0.0,0,17.19,1953 - 1969,Al Worthington,0
185,odellbi01,105,100,479,199,63,48,5451,1697,665,137,556,1133,3.3999999999999995,0.0,30,42.0,5,7643.0,137,758,0.0,0.0,0.0,13,0.0,0,0.0,1954 - 1967,Billy O'Dell,1
186,pascuca02,174,170,529,404,132,10,8792,2703,1183,256,1069,2167,4.726,0.0,86,61.0,12,12415.0,67,1334,0.0,0.0,0.0,18,0.0,0,37.49,1954 - 1971,Camilo Pascual,1
187,purkebo01,129,115,386,276,92,9,6344,2170,891,195,510,793,3.2900000000000005,0.0,36,71.0,6,8899.0,53,998,0.0,0.0,0.0,13,0.0,0,24.85,1954 - 1966,Bob Purkey,1
188,abernte02,63,69,681,34,7,148,3443,1010,441,70,592,765,4.166,80.0,35,45.0,3,4963.0,416,513,0.0,0.0,0.0,14,0.0,0,16.58,1955 - 1972,Ted Abernathy,0
189,aguirha01,75,72,447,149,44,33,4127,1216,496,123,479,856,3.8400000000000007,35.0,35,47.0,9,5790.0,124,562,0.0,0.0,0.0,16,0.0,0,20.96,1955 - 1970,Hank Aguirre,0
190,bunniji01,224,184,591,519,151,16,11281,3433,1366,372,1000,2855,4.4110000000000005,98.0,47,160.0,8,15618.0,39,1527,0.0,0.0,0.0,17,1.0,Veterans,60.38,1955 - 1971,Jim Bunning,1
191,halldi01,93,75,495,74,20,68,3779,1152,464,130,236,741,4.071000000000001,70.0,1,18.0,0,5085.0,237,512,0.0,0.0,0.0,16,0.0,0,16.87,1952 - 1971,Dick Hall,0
192,jacksla01,194,183,558,429,149,20,9788,3206,1233,259,824,1709,3.87,106.0,56,68.0,6,13593.0,73,1405,0.0,0.0,0.0,14,0.0,0,52.56,1955 - 1968,Larry Jackson,1
193,mcdanli01,141,119,987,74,18,172,6418,2099,821,172,623,1361,5.641,136.0,112,15.0,5,8971.0,577,934,0.0,0.0,0.0,21,0.0,0,28.950000000000003,1955 - 1975,Lindy McDaniel,0
194,ramospe01,117,160,582,268,73,55,7067,2364,1068,315,724,1305,4.544,76.0,32,68.0,7,10048.0,182,1210,0.0,0.0,0.0,15,0.0,0,22.42,1955 - 1970,Pedro Ramos,1
195,brunege01,69,93,324,213,39,4,4295,1303,576,133,581,921,5.462000000000001,53.0,41,21.0,13,6069.0,42,639,0.0,0.0,0.0,15,0.0,0,9.69,1956 - 1971,George Brunet,1
196,drabomo01,88,105,589,154,33,55,4923,1441,676,182,702,1162,4.696000000000001,62.0,53,63.0,5,7005.0,220,758,0.0,0.0,0.0,17,0.0,0,19.86,1956 - 1972,Moe Drabowsky,0
197,drysddo01,209,166,518,465,167,6,10296,3084,1124,280,855,2486,3.36,123.0,82,154.0,10,14097.0,34,1292,0.0,0.0,0.0,14,1.0,BBWAA,61.34,1956 - 1969,Don Drysdale,1
198,farretu01,106,111,590,134,41,83,5115,1628,653,152,468,1177,4.15,82.0,45,27.0,4,7099.0,301,737,0.0,0.0,0.0,14,0.0,0,27.78,1956 - 1969,Turk Farrell,0
199,mccormi03,134,128,484,333,91,12,7141,2281,986,255,795,1321,4.436999999999999,101.0,75,24.0,6,10058.0,69,1100,0.0,0.0,0.0,16,0.0,0,17.37,1956 - 1971,Mike McCormick,1
200,cardwdo01,102,138,410,301,72,7,6368,2009,924,225,671,1211,4.042,80.0,69,98.0,8,8949.0,44,1044,0.0,0.0,0.0,14,0.0,0,16.93,1957 - 1970,Don Cardwell,1
201,mcmahdo02,90,68,874,2,0,153,3932,1054,431,105,579,1003,4.942,84.0,75,34.0,5,5503.0,506,482,0.0,0.0,0.0,18,0.0,0,22.59,1957 - 1974,Don McMahon,0
202,millebo04,69,81,694,99,7,51,4654,1487,581,101,608,895,5.667000000000001,111.0,62,32.0,3,6623.0,290,679,0.0,0.0,0.0,17,0.0,0,17.94,1957 - 1974,Bob Miller,0
203,osteecl01,196,195,541,488,140,1,10381,3471,1268,249,940,1612,5.026999999999999,93.0,67,45.0,6,14433.0,24,1435,0.0,0.0,0.0,18,0.0,0,36.82,1957 - 1975,Claude Osteen,1
204,pappami01,209,164,520,465,129,4,9558,3046,1203,298,858,1728,4.715000000000001,89.0,97,72.0,6,13198.0,33,1331,0.0,0.0,0.0,17,0.0,0,46.21,1957 - 1973,Milt Pappas,1
205,pizarju01,131,105,488,245,79,28,6103,1807,776,201,888,1522,5.470000000000001,67.0,65,41.0,2,8690.0,120,890,0.0,0.0,0.0,18,0.0,0,16.2,1957 - 1974,Juan Pizarro,1
206,ellswdi01,115,137,407,310,87,5,6467,2274,890,194,595,1140,4.246,71.0,72,45.0,1,9156.0,36,1033,0.0,0.0,0.0,13,0.0,0,23.31,1958 - 1971,Dick Ellsworth,1
207,grantmu01,145,119,571,293,89,53,7325,2292,985,292,849,1267,4.452,59.0,60,33.0,3,10293.0,160,1105,0.0,0.0,0.0,14,0.0,0,19.31,1958 - 1971,Mudcat Grant,1
208,johnske02,91,106,334,231,50,9,5212,1670,668,157,413,1042,4.4910000000000005,56.0,26,56.0,7,7211.0,50,778,0.0,0.0,0.0,13,0.0,0,20.21,1958 - 1970,Ken Johnson,1
209,penaor01,56,77,427,93,21,40,3606,1175,495,151,352,818,4.694000000000001,42.0,31,28.0,5,5085.0,155,549,0.0,0.0,0.0,14,0.0,0,13.32,1958 - 1975,Orlando Pena,0
210,willist02,109,94,482,208,42,43,5293,1527,682,160,748,1305,3.617000000000001,62.0,57,71.0,9,7521.0,139,785,0.0,0.0,0.0,14,0.0,0,23.78,1958 - 1972,Stan Williams,0
211,cuellmi01,185,130,453,379,172,11,8424,2538,979,222,822,1632,4.0520000000000005,61.0,53,12.0,6,11505.0,33,1130,0.0,0.0,0.0,15,0.0,0,29.21,1959 - 1977,Mike Cuellar,1
212,fisheed02,85,70,690,63,7,81,4616,1398,583,149,438,812,4.351,38.0,53,27.0,1,6340.0,344,659,0.0,0.0,0.0,15,0.0,0,10.66,1959 - 1973,Eddie Fisher,0
213,gibsobo01,251,174,528,482,255,6,11653,3279,1258,257,1336,3117,3.943000000000001,118.0,108,102.0,13,16068.0,21,1420,0.0,0.0,0.0,17,1.0,BBWAA,81.7,1959 - 1975,Bob Gibson,1
214,kaatji01,283,237,898,625,180,18,13591,4620,1738,395,1083,2461,7.681,116.0,128,122.0,6,19023.0,102,2038,0.0,0.0,0.0,25,1.0,0,45.21,1959 - 1983,Jim Kaat,1
215,perryji01,215,174,630,447,109,10,9857,3127,1258,308,998,1576,4.78,93.0,55,80.0,3,13732.0,64,1407,0.0,0.0,0.0,17,0.0,0,38.44,1959 - 1975,Jim Perry,1
216,peterga01,124,103,359,286,79,5,6243,1894,751,157,706,1420,3.674,53.0,83,62.0,3,8707.0,35,847,0.0,0.0,0.0,14,0.0,0,22.29,1959 - 1972,Gary Peters,1
217,shortch02,135,132,501,308,88,18,6975,2215,886,183,806,1629,3.892,74.0,73,61.0,6,9801.0,78,991,0.0,0.0,0.0,15,0.0,0,31.4,1959 - 1973,Chris Short,1
218,barbest01,121,106,466,272,59,13,5997,1818,747,125,950,1309,4.598999999999999,59.0,91,42.0,6,8591.0,90,870,0.0,0.0,0.0,15,0.0,0,18.14,1960 - 1974,Steve Barber,1
219,breweji01,69,65,584,35,1,132,3122,898,355,92,360,810,4.449000000000001,77.0,41,10.0,3,4299.0,351,401,0.0,0.0,0.0,17,0.0,0,15.69,1960 - 1976,Jim Brewer,0
220,gibbojo01,61,65,419,127,20,32,3359,1053,438,74,414,743,4.293,80.0,43,33.0,5,4765.0,120,505,0.0,0.0,0.0,13,0.0,0,9.33,1960 - 1972,Joe Gibbon,0
221,maricju01,243,142,471,457,244,2,10522,3153,1126,320,709,2303,3.951000000000001,82.0,51,40.0,20,14236.0,11,1329,0.0,0.0,0.0,16,1.0,BBWAA,61.78,1960 - 1975,Juan Marichal,1
222,reganph01,96,81,551,105,20,92,4118,1392,585,150,447,743,4.224,79.0,31,26.0,3,5863.0,289,649,0.0,0.0,0.0,13,0.0,0,11.75,1960 - 1972,Phil Regan,0
223,sadecra01,135,131,563,328,85,7,7502,2456,1051,240,922,1614,5.851,82.0,94,41.0,6,10694.0,75,1206,0.0,0.0,0.0,18,0.0,0,16.45,1960 - 1977,Ray Sadecki,1
224,bolinbo01,88,75,495,164,32,50,4728,1364,596,164,597,1175,3.0900000000000007,71.0,56,60.0,3,6671.0,161,687,0.0,0.0,0.0,13,0.0,0,16.759999999999998,1961 - 1973,Bobby Bolin,0
225,downial01,123,107,405,317,73,3,6805,1946,811,177,933,1639,3.952,32.0,77,31.0,11,9539.0,37,938,0.0,0.0,0.0,17,0.0,0,22.53,1961 - 1977,Al Downing,1
226,gladdfr01,48,34,450,1,0,109,1803,566,209,38,223,394,3.323,45.0,35,27.0,2,2552.0,278,237,0.0,0.0,0.0,13,0.0,0,7.9,1961 - 1973,Fred Gladding,0
227,mcdowsa01,141,134,425,346,103,14,7477,1948,879,164,1312,2453,3.468,74.0,140,59.0,7,10587.0,39,999,0.0,0.0,0.0,15,0.0,0,43.13999999999999,1961 - 1975,Sam McDowell,2
228,perraro01,79,74,737,1,0,179,3524,1097,364,50,468,687,3.888,121.0,28,24.0,4,5023.0,458,442,0.0,0.0,0.0,13,0.0,0,18.87,1961 - 1973,Ron Perranoski,0
229,woodwi01,164,156,651,297,114,57,8052,2582,965,209,724,1411,4.691000000000001,71.0,72,63.0,6,11154.0,198,1130,0.0,0.0,0.0,17,0.0,0,52.15,1961 - 1978,Wilbur Wood,1
230,giustda01,100,93,668,133,35,145,5150,1654,687,126,570,1103,4.043,109.0,87,15.0,7,7251.0,380,764,0.0,0.0,0.0,15,0.0,0,16.1,1962 - 1977,Dave Giusti,0
231,mcnalda01,184,119,424,396,120,2,8190,2488,982,230,826,1512,3.297,56.0,59,72.0,11,11229.0,7,1070,0.0,0.0,0.0,14,0.0,0,24.79,1962 - 1975,Dave McNally,1
232,normafr01,104,103,403,268,56,8,5819,1790,784,188,815,1303,4.904,79.0,89,23.0,12,8279.0,42,864,0.0,0.0,0.0,16,0.0,0,17.24,1962 - 1980,Fred Norman,1
233,perryga01,314,265,777,690,303,11,16051,4938,1846,399,1379,3534,6.348999999999999,164.0,160,108.0,6,21953.0,33,2128,0.0,0.0,0.0,22,1.0,BBWAA,93.03,1962 - 1983,Gaylord Perry,1
234,richepe01,80,73,429,122,22,51,3497,959,413,116,424,925,3.361,46.0,33,16.0,5,4817.0,161,463,0.0,0.0,0.0,13,0.0,0,13.21,1962 - 1974,Pete Richert,0
235,seguidi01,92,111,639,171,28,71,5423,1656,765,185,786,1298,3.866,86.0,75,18.0,10,7741.0,264,867,0.0,0.0,0.0,15,0.0,0,12.01,1962 - 1977,Diego Segui,0
236,vealebo01,120,95,397,255,78,21,5778,1684,658,91,858,1703,3.3170000000000006,62.0,92,29.0,9,8163.0,63,755,0.0,0.0,0.0,13,0.0,0,24.65,1962 - 1974,Bob Veale,2
237,hoernjo01,39,34,493,0,0,99,1688,519,187,50,181,412,4.306000000000001,59.0,19,18.0,6,2375.0,268,213,0.0,0.0,0.0,14,0.0,0,10.24,1963 - 1977,Joe Hoerner,0
238,johnto01,288,231,760,700,162,4,14131,4783,1749,302,1259,2245,7.593000000000001,102.0,187,98.0,16,19692.0,22,2017,0.0,0.0,0.0,26,0.0,0,62.08,1963 - 1989,Tommy John,1
239,lolicmi01,217,191,586,496,195,11,10915,3366,1390,347,1099,2832,3.94,67.0,124,92.0,8,15140.0,40,1537,0.0,0.0,0.0,16,0.0,0,47.89,1963 - 1979,Mickey Lolich,1
240,carrocl02,96,73,731,28,1,143,4060,1296,442,67,442,681,4.288,112.0,41,37.0,5,5673.0,373,506,0.0,0.0,0.0,15,0.0,0,18.34,1964 - 1978,Clay Carroll,0
241,dierkla01,139,123,356,329,106,1,7001,2130,857,184,711,1493,3.415,43.0,104,50.0,10,9661.0,10,948,0.0,0.0,0.0,14,0.0,0,34.3,1964 - 1977,Larry Dierker,1
242,niekrph01,318,274,864,716,245,29,16213,5044,2012,482,1809,3342,6.683,86.0,226,123.0,42,22677.0,83,2337,0.0,0.0,0.0,24,1.0,BBWAA,96.96,1964 - 1987,Phil Niekro,1
243,odombl01,84,85,295,229,40,1,4527,1362,620,103,788,857,4.055,40.0,92,36.0,3,6528.0,21,708,0.0,0.0,0.0,13,0.0,0,2.22,1964 - 1976,Blue Moon Odom,1
244,singebi01,118,127,322,308,94,2,6522,1952,819,132,781,1515,3.803,50.0,67,63.0,11,9143.0,7,944,0.0,0.0,0.0,14,0.0,0,19.38,1964 - 1977,Bill Singer,1
245,tiantlu01,229,172,573,484,187,15,10459,3075,1280,346,1104,2416,4.523,53.0,27,49.0,4,14365.0,51,1400,0.0,0.0,0.0,19,0.0,0,65.63,1964 - 1982,Luis Tiant,1
246,wiseri01,188,181,506,455,138,0,9381,3227,1281,261,804,1647,4.875,83.0,49,44.0,9,13157.0,15,1455,0.0,0.0,0.0,18,0.0,0,31.88,1964 - 1982,Rick Wise,1
247,brilene01,129,112,452,279,64,22,6335,2141,807,186,547,1163,3.999,79.0,50,51.0,5,8858.0,74,929,0.0,0.0,0.0,14,0.0,0,20.35,1965 - 1978,Nelson Briles,1
248,carltst01,329,244,741,709,254,2,15652,4672,1864,414,1833,4136,6.872999999999999,150.0,183,53.0,90,21683.0,13,2130,0.0,0.0,0.0,24,1.0,BBWAA,84.11,1965 - 1988,Steve Carlton,1
249,colemjo05,142,135,484,340,94,7,7708,2416,1055,234,1003,1728,4.414999999999999,65.0,118,90.0,7,10948.0,70,1202,0.0,0.0,0.0,15,0.0,0,24.68,1965 - 1979,Joe Coleman,1
250,hillejo01,87,76,545,43,13,125,3726,1040,391,110,535,1036,3.527,71.0,39,12.0,1,5206.0,363,438,0.0,0.0,0.0,15,0.0,0,31.01,1965 - 1980,John Hiller,0
251,holtzke01,174,150,451,410,127,3,8602,2787,1111,249,910,1601,4.37,70.0,98,49.0,2,12069.0,18,1273,0.0,0.0,0.0,15,0.0,0,27.02,1965 - 1979,Ken Holtzman,1
252,hunteca01,224,166,500,476,181,1,10348,2958,1248,374,954,2012,3.5000000000000004,57.0,49,49.0,7,14032.0,6,1380,0.0,0.0,0.0,15,1.0,BBWAA,36.3,1965 - 1979,Catfish Hunter,1
253,jacksgr01,86,75,692,83,16,79,4076,1272,523,109,511,889,5.441,71.0,44,21.0,9,5749.0,291,589,0.0,0.0,0.0,18,0.0,0,14.13,1965 - 1982,Grant Jackson,0
254,jenkife01,284,226,664,594,267,7,13502,4142,1669,484,997,3192,4.836000000000001,116.0,62,84.0,18,18400.0,37,1853,0.0,0.0,0.0,19,1.0,BBWAA,82.18,1965 - 1983,Fergie Jenkins,1
255,knowlda01,66,74,765,8,1,143,3276,1006,378,65,480,681,4.3870000000000005,85.0,30,38.0,11,4658.0,417,437,0.0,0.0,0.0,16,0.0,0,12.23,1965 - 1980,Darold Knowles,0
256,lindbpa01,68,63,655,32,1,64,3641,1157,443,112,384,671,4.166,88.0,29,26.0,0,5091.0,258,510,0.0,0.0,0.0,14,0.0,0,9.55,1965 - 1978,Paul Lindblad,0
257,lonboji01,157,137,425,368,90,4,7393,2400,1056,233,823,1475,3.9460000000000006,71.0,73,105.0,9,10498.0,24,1170,0.0,0.0,0.0,15,0.0,0,14.7,1965 - 1979,Jim Lonborg,1
258,mayru01,152,156,535,360,87,12,7866,2314,1007,199,958,1760,4.348,56.0,67,42.0,18,10902.0,73,1150,0.0,0.0,0.0,16,0.0,0,20.65,1965 - 1983,Rudy May,1
259,mcgratu01,96,92,824,39,5,180,4544,1318,528,108,582,1109,4.52,128.0,63,22.0,4,6313.0,541,597,0.0,0.0,0.0,19,0.0,0,20.97,1965 - 1984,Tug McGraw,0
260,palmeji01,268,152,558,521,211,4,11844,3349,1253,303,1311,2212,4.472,37.0,85,38.0,11,16114.0,15,1395,0.0,0.0,0.0,19,1.0,BBWAA,67.57,1965 - 1984,Jim Palmer,1
261,bahnsst01,146,149,574,327,73,20,7587,2440,1013,223,924,1359,4.779000000000001,59.0,89,34.0,3,10701.0,90,1127,0.0,0.0,0.0,16,0.0,0,23.92,1966 - 1982,Stan Bahnsen,1
262,frymawo01,141,155,625,322,68,58,7234,2367,1010,187,890,1587,5.459,79.0,68,68.0,16,10291.0,160,1136,0.0,0.0,0.0,18,0.0,0,18.15,1966 - 1983,Woodie Fryman,1
263,reedro01,146,140,751,236,55,103,7432,2374,953,182,633,1481,4.994000000000001,124.0,72,50.0,1,10304.0,300,1084,0.0,0.0,0.0,19,0.0,0,24.8,1966 - 1984,Ron Reed,1
264,ryanno01,324,292,807,773,222,3,16158,3923,1911,321,2795,5714,5.637000000000001,78.0,277,158.0,33,22575.0,13,2178,0.0,0.0,0.0,27,1.0,BBWAA,83.6,1966 - 1993,Nolan Ryan,2
265,suttodo01,324,256,774,756,178,5,15847,4692,1914,472,1343,3574,5.941000000000001,102.0,112,82.0,21,21631.0,12,2104,0.0,0.0,0.0,23,1.0,BBWAA,68.29,1966 - 1988,Don Sutton,1
266,brettke01,83,85,349,184,51,11,4579,1490,666,127,562,807,4.487,62.0,37,23.0,10,6477.0,70,734,0.0,0.0,0.0,14,0.0,0,12.61,1967 - 1981,Ken Brett,1
267,koosmje01,222,209,612,527,140,17,11518,3635,1433,290,1198,2556,5.065,121.0,89,71.0,29,15996.0,43,1608,0.0,0.0,0.0,19,0.0,0,56.96,1967 - 1985,Jerry Koosman,1
268,lylesp01,99,76,899,0,0,238,4171,1292,445,84,481,873,4.517000000000001,81.0,66,14.0,10,5794.0,634,519,0.0,0.0,0.0,16,0.0,0,22.82,1967 - 1982,Sparky Lyle,0
269,marshmi01,97,112,724,24,3,188,4160,1281,484,79,514,880,4.5840000000000005,52.0,72,31.0,7,5842.0,549,548,0.0,0.0,0.0,14,0.0,0,17.19,1967 - 1981,Mike Marshall,0
270,niekrjo01,221,204,702,500,107,16,10752,3466,1431,276,1262,1747,6.559000000000001,71.0,172,65.0,8,15166.0,93,1620,0.0,0.0,0.0,22,0.0,0,28.71,1967 - 1988,Joe Niekro,1
271,seaveto01,311,205,656,647,231,1,14348,3971,1521,380,1390,3640,5.027000000000001,116.0,126,76.0,8,19369.0,6,1674,0.0,0.0,0.0,20,1.0,BBWAA,106.02,1967 - 1986,Tom Seaver,1
272,torremi01,185,160,494,458,117,0,9132,3043,1340,223,1371,1404,5.956,84.0,103,59.0,11,13179.0,13,1501,0.0,0.0,0.0,18,0.0,0,23.75,1967 - 1984,Mike Torrez,1
273,billija01,145,113,476,305,74,15,6692,2272,949,176,750,1141,3.9579999999999993,97.0,84,98.0,4,9487.0,83,1069,0.0,0.0,0.0,13,0.0,0,9.91,1968 - 1980,Jack Billingham,1
274,burgmto01,79,55,745,3,0,102,3776,1231,452,94,384,584,4.477,55.0,23,32.0,7,5272.0,369,521,0.0,0.0,0.0,17,0.0,0,17.48,1968 - 1984,Tom Burgmeier,0
275,fingero01,114,118,944,37,4,341,5104,1474,549,123,492,1299,4.319000000000001,109.0,40,39.0,7,6942.0,709,615,0.0,0.0,0.0,17,1.0,BBWAA,24.99,1968 - 1985,Rollie Fingers,0
276,pattima01,114,109,475,224,64,25,6116,1933,820,209,603,1179,3.2640000000000007,75.0,37,45.0,2,8501.0,119,905,0.0,0.0,0.0,13,0.0,0,21.21,1968 - 1980,Marty Pattin,1
277,rookeji01,103,109,319,255,66,7,5431,1694,696,128,703,976,3.274,55.0,55,18.0,6,7668.0,23,814,0.0,0.0,0.0,13,0.0,0,17.05,1968 - 1980,Jim Rooker,1
278,bluevi01,209,161,502,473,143,2,10030,2939,1213,263,1185,2175,4.026,61.0,103,23.0,13,13837.0,11,1357,0.0,0.0,0.0,17,0.0,0,44.88,1969 - 1986,Vida Blue,1
279,clevere01,105,106,428,203,57,25,5427,1843,807,152,543,930,3.901,68.0,49,44.0,6,7731.0,111,919,0.0,0.0,0.0,13,0.0,0,8.35,1969 - 1981,Reggie Cleveland,1
280,dragodi01,108,117,519,189,62,58,5625,1901,755,157,558,987,3.753,75.0,34,54.0,3,7899.0,216,827,0.0,0.0,0.0,13,0.0,0,20.47,1969 - 1981,Dick Drago,1
281,garbege01,96,113,931,9,4,218,4530,1464,560,123,445,940,5.690999999999999,155.0,30,37.0,10,6327.0,609,654,0.0,0.0,0.0,19,0.0,0,16.53,1969 - 1988,Gene Garber,0
282,griffto02,77,94,401,191,29,5,4484,1407,676,133,769,1054,3.87,66.0,81,52.0,20,6576.0,53,762,0.0,0.0,0.0,14,0.0,0,4.0,1969 - 1982,Tom Griffin,1
283,leebi03,119,90,416,225,72,19,5833,2122,783,176,531,713,4.025,27.0,24,27.0,1,8271.0,70,885,0.0,0.0,0.0,14,0.0,0,21.35,1969 - 1982,Bill Lee,1
284,renkost01,134,146,451,365,57,6,7482,2438,1107,248,1010,1455,4.426,86.0,73,22.0,4,10704.0,36,1233,0.0,0.0,0.0,15,0.0,0,20.93,1969 - 1983,Steve Renko,1
285,reussje01,220,191,628,547,127,11,11009,3734,1483,245,1127,1907,6.715999999999999,118.0,107,59.0,23,15582.0,41,1700,0.0,0.0,0.0,22,0.0,0,32.85,1969 - 1990,Jerry Reuss,1
286,roberda05,103,125,445,277,77,15,6297,2188,882,155,615,957,4.475999999999999,80.0,45,31.0,2,8930.0,69,979,0.0,0.0,0.0,13,0.0,0,22.19,1969 - 1981,Dave Roberts,1
287,blylebe01,287,250,692,685,242,0,14910,4632,1830,430,1322,3701,5.968999999999999,71.0,114,155.0,19,20491.0,3,2029,176.0,121.0,0.0,22,1.0,BBWAA,96.13,1970 - 1992,Bert Blyleven,1
288,curtijo01,89,97,438,199,42,11,4923,1695,722,140,669,825,4.452,92.0,74,13.0,2,7099.0,100,810,86.0,46.0,0.0,15,0.0,0,7.07,1970 - 1984,John Curtis,1
289,forscke01,114,113,521,241,70,51,6382,2071,796,155,586,1047,4.188,68.0,43,47.0,7,8852.0,177,881,90.0,56.0,0.0,16,0.0,0,26.95,1970 - 1986,Ken Forsch,1
290,gurala01,126,97,403,261,71,14,6141,2020,855,204,600,801,4.734,38.0,27,46.0,3,8596.0,60,958,87.0,86.0,0.0,16,0.0,0,21.52,1970 - 1985,Larry Gura,1
291,houghch01,216,216,858,440,107,61,11404,3283,1582,383,1665,2362,5.989000000000001,44.0,179,174.0,42,16170.0,240,1807,125.0,126.0,0.0,25,0.0,0,39.03,1970 - 1994,Charlie Hough,1
292,hraboal01,64,35,545,1,0,97,2166,619,249,50,315,548,2.962,58.0,36,13.0,1,3056.0,307,284,41.0,39.0,0.0,13,0.0,0,10.04,1970 - 1982,Al Hrabosky,0
293,larocda01,65,58,647,15,1,126,3148,919,411,94,459,819,3.731,81.0,18,29.0,7,4459.0,381,448,85.0,41.0,0.0,14,0.0,0,14.39,1970 - 1983,Dave LaRoche,0
294,splitpa01,166,143,429,392,88,1,7664,2644,1082,192,780,1057,4.25,41.0,41,34.0,5,10829.0,13,1243,123.0,92.0,0.0,15,0.0,0,22.41,1970 - 1984,Paul Splittorff,1
295,wilcomi01,119,113,394,283,73,6,6050,1991,913,204,770,1137,4.2780000000000005,66.0,51,74.0,11,8635.0,53,1013,80.0,59.0,0.0,16,0.0,0,13.02,1970 - 1986,Milt Wilcox,1
296,alexado01,194,174,561,464,98,3,10103,3376,1406,324,978,1528,6.005999999999999,60.0,74,53.0,10,14162.0,56,1541,116.0,97.0,0.0,19,0.0,0,34.78,1971 - 1989,Doyle Alexander,1
297,caldwmi01,137,130,475,307,98,18,7226,2581,1020,218,597,939,4.066999999999999,62.0,65,35.0,9,10156.0,77,1182,109.0,60.0,0.0,14,0.0,0,18.950000000000003,1971 - 1984,Mike Caldwell,1
298,forstte01,54,65,614,39,5,127,3317,1034,397,51,457,791,4.064,63.0,46,24.0,4,4700.0,318,454,71.0,34.0,0.0,16,0.0,0,18.57,1971 - 1986,Terry Forster,0
299,hasslan01,44,71,387,112,26,29,3370,1125,478,67,520,630,4.994999999999998,49.0,58,32.0,7,4896.0,126,562,55.0,33.0,0.0,14,0.0,0,7.319999999999999,1971 - 1985,Andy Hassler,1
300,hootobu01,151,136,480,377,86,7,7956,2497,996,193,799,1491,4.03,58.0,62,20.0,4,11025.0,35,1112,125.0,76.0,0.0,15,0.0,0,36.42,1971 - 1985,Burt Hooton,1
301,kisonbr01,115,88,380,246,36,12,5429,1693,736,150,662,1073,3.734,58.0,58,68.0,11,7676.0,54,839,75.0,52.0,0.0,15,0.0,0,14.26,1971 - 1985,Bruce Kison,1
302,matlajo01,125,126,361,318,97,3,7089,2276,835,161,638,1516,3.358,69.0,68,26.0,9,9789.0,23,970,96.0,61.0,0.0,13,0.0,0,38.92,1971 - 1983,Jon Matlack,1
303,slatoji01,151,158,496,360,86,14,8051,2773,1202,277,1004,1191,4.642,65.0,97,48.0,6,11535.0,71,1335,96.0,102.0,0.0,16,0.0,0,17.53,1971 - 1986,Jim Slaton,1
304,gossari01,124,107,1002,37,16,310,5428,1497,605,119,732,1502,5.366000000000001,90.0,63,47.0,5,7507.0,681,670,106.0,67.0,0.0,22,1.0,BBWAA,41.62,1972 - 1994,Rich Gossage,0
305,reuscri01,214,191,557,529,102,5,10645,3588,1330,221,935,2015,5.653,117.0,89,88.0,10,14888.0,16,1494,167.0,120.0,0.0,19,0.0,0,68.08,1972 - 1991,Rick Reuschel,1
306,tidrodi01,100,94,620,138,32,55,5240,1705,715,163,579,975,4.053,112.0,32,43.0,2,7412.0,244,807,93.0,62.0,0.0,13,0.0,0,14.25,1972 - 1984,Dick Tidrow,0
307,tomlida01,25,12,409,1,0,12,1534,543,217,32,198,278,3.775,58.0,12,12.0,7,2239.0,138,261,50.0,20.0,0.0,13,0.0,0,-1.1799999999999995,1972 - 1986,Dave Tomlin,0
308,burrira01,108,134,480,302,47,4,6566,2310,1015,221,764,1065,4.764,76.0,69,54.0,14,9441.0,65,1133,110.0,72.0,161.0,15,0.0,0,15.12,1973 - 1987,Ray Burris,2
309,campbbi02,83,68,700,9,2,126,3688,1139,484,82,495,864,3.849,100.0,47,20.0,6,5239.0,455,550,88.0,41.0,84.0,15,0.0,0,12.39,1973 - 1987,Bill Campbell,0
310,rogerst01,158,152,399,393,129,2,8513,2619,1001,151,876,1621,3.274,75.0,87,43.0,8,11702.0,3,1122,153.0,70.0,246.0,13,0.0,0,45.09,1973 - 1985,Steve Rogers,2
311,ruthvdi01,123,127,355,332,61,1,6327,2155,970,165,767,1145,4.340000000000001,72.0,53,38.0,22,9047.0,12,1075,92.0,71.0,190.0,14,0.0,0,17.349999999999998,1973 - 1986,Dick Ruthven,2
312,tananfr01,240,236,638,616,143,1,12565,4063,1704,448,1255,2773,5.8290000000000015,116.0,119,129.0,27,17641.0,10,1910,165.0,117.0,309.0,21,0.0,0,57.1,1973 - 1993,Frank Tanana,2
313,zahnge01,111,109,304,270,79,1,5547,1978,769,149,526,705,3.813,28.0,32,19.0,4,7798.0,13,889,81.0,56.0,249.0,13,0.0,0,20.47,1973 - 1985,Geoff Zahn,2
314,dennyjo01,123,108,325,322,62,0,6446,2093,856,137,778,1146,3.596000000000001,49.0,68,54.0,12,9077.0,0,967,82.0,46.0,250.0,13,0.0,0,31.1,1974 - 1986,John Denny,2
315,easteja01,23,33,321,36,0,14,1834,663,314,48,319,350,4.3340000000000005,30.0,38,17.0,2,2744.0,105,360,33.0,30.0,82.0,13,0.0,0,1.71,1974 - 1987,Jamie Easterly,0
316,forscbo01,168,136,498,422,67,3,8384,2777,1169,216,832,1133,4.557,84.0,93,45.0,18,11715.0,19,1319,106.0,101.0,270.0,16,0.0,0,18.87,1974 - 1989,Bob Forsch,2
317,kernji01,53,57,416,14,1,88,2380,670,293,35,444,651,3.896,61.0,48,29.0,8,3422.0,254,332,71.0,32.0,74.0,13,0.0,0,14.25,1974 - 1986,Jim Kern,0
318,lavelga01,80,77,745,3,0,136,3255,1004,353,51,440,769,3.513,126.0,19,13.0,18,4604.0,399,413,81.0,36.0,99.0,13,0.0,0,19.72,1974 - 1987,Gary Lavelle,0
319,martiti01,55,42,546,2,0,115,2502,732,320,53,425,632,3.873,57.0,64,8.0,7,3544.0,320,357,43.0,40.0,89.0,14,0.0,0,8.59,1974 - 1988,Tippy Martinez,0
320,montejo01,90,83,298,244,32,5,4957,1604,650,135,513,1081,3.686,57.0,29,29.0,10,6983.0,17,728,83.0,59.0,94.0,13,0.0,0,21.54,1974 - 1986,John Montefusco,2
321,rhoderi01,151,125,413,380,69,1,7781,2606,1036,198,801,1419,4.137,62.0,80,39.0,31,10900.0,14,1143,105.0,66.0,223.0,16,0.0,0,30.1,1974 - 1989,Rick Rhoden,2
322,ruhleve01,67,88,327,188,29,11,4234,1483,585,119,348,582,3.483,37.0,15,35.0,5,5964.0,45,675,61.0,37.0,127.0,13,0.0,0,11.96,1974 - 1986,Vern Ruhle,2
323,tekulke01,94,90,1050,0,0,184,4310,1305,455,63,491,779,4.468000000000001,179.0,23,17.0,3,6001.0,638,526,92.0,43.0,162.0,16,0.0,0,26.14,1974 - 1989,Kent Tekulve,0
324,anderla02,40,39,699,1,0,49,2986,932,348,58,311,758,4.752999999999999,64.0,21,17.0,7,4171.0,267,402,53.0,40.0,71.0,17,0.0,0,13.85,1975 - 1994,Larry Andersen,0
325,candejo01,177,122,600,356,54,29,7577,2399,935,245,592,1673,6.018999999999999,63.0,28,37.0,26,10366.0,82,1038,105.0,93.0,182.0,19,0.0,0,39.91,1975 - 1993,John Candelaria,2
326,eckerde01,197,171,1071,361,100,390,9857,3076,1278,347,738,2401,6.063000000000002,91.0,28,75.0,16,13534.0,577,1382,109.0,93.0,146.0,24,1.0,BBWAA,62.25,1975 - 1998,Dennis Eckersley,0
327,flanami01,167,143,526,404,101,4,8310,2806,1199,251,890,1491,5.135,41.0,84,41.0,12,11684.0,49,1301,110.0,76.0,301.0,18,0.0,0,25.53,1975 - 1992,Mike Flanagan,2
328,guidrro01,170,91,368,323,95,4,7176,2198,874,226,633,1778,3.485,24.0,56,13.0,8,9794.0,23,953,70.0,65.0,172.0,14,0.0,0,47.85,1975 - 1988,Ron Guidry,2
329,mcclubo01,68,57,698,73,12,52,3476,1125,490,104,497,701,5.6930000000000005,39.0,29,34.0,30,5005.0,233,551,48.0,51.0,96.0,19,0.0,0,10.42,1975 - 1993,Bob McClure,0
330,mintogr01,59,65,710,7,0,150,3392,1082,389,43,483,479,4.505,131.0,56,16.0,9,4810.0,415,452,74.0,35.0,153.0,16,0.0,0,16.88,1975 - 1990,Greg Minton,0
331,mooredo01,43,40,416,4,0,89,1964,698,267,53,186,416,3.691,49.0,22,8.0,14,2793.0,229,308,48.0,26.0,52.0,13,0.0,0,6.07,1975 - 1988,Donnie Moore,0
332,stoddti01,41,35,485,0,0,76,2189,680,320,72,356,582,3.7270000000000008,45.0,33,10.0,2,3158.0,262,343,37.0,31.0,65.0,13,0.0,0,4.629999999999999,1975 - 1989,Tim Stoddard,0
333,andujjo01,127,118,405,305,68,9,6459,2016,857,155,731,1032,3.5880000000000005,65.0,33,51.0,33,9008.0,37,955,97.0,55.0,168.0,13,0.0,0,16.71,1976 - 1988,Joaquin Andujar,2
334,bairdo01,55,43,584,5,0,81,2728,839,367,86,405,689,4.388000000000001,77.0,43,7.0,2,3902.0,299,398,49.0,34.0,64.0,15,0.0,0,7.01,1976 - 1990,Doug Bair,0
335,kneppbo01,146,155,445,413,78,1,8124,2737,1106,228,857,1473,4.287,78.0,60,47.0,13,11488.0,10,1258,134.0,73.0,262.0,15,0.0,0,20.94,1976 - 1990,Bob Knepper,2
336,krukomi01,124,117,369,355,41,1,6572,2188,949,196,767,1478,3.694,84.0,71,47.0,22,9393.0,4,1069,100.0,69.0,147.0,14,0.0,0,21.35,1976 - 1989,Mike Krukow,2
337,martide01,245,193,692,562,122,8,11999,3897,1643,372,1165,2149,6.353,71.0,83,122.0,30,16754.0,51,1835,120.0,109.0,332.0,23,0.0,0,49.26,1976 - 1998,Dennis Martinez,2
338,mcgresc01,138,108,356,309,83,5,6422,2245,949,235,518,904,3.667,26.0,28,26.0,12,8982.0,24,1031,76.0,75.0,185.0,13,0.0,0,20.21,1976 - 1988,Scott McGregor,2
339,sutclri01,171,139,457,392,72,6,8093,2662,1223,236,1081,1679,4.932,75.0,100,46.0,38,11548.0,30,1324,110.0,89.0,185.0,18,0.0,0,31.18,1976 - 1994,Rick Sutcliffe,2
340,aasedo01,66,60,448,91,22,82,3328,1085,468,89,457,641,3.261000000000001,45.0,22,7.0,3,4730.0,235,503,50.0,34.0,106.0,13,0.0,0,15.09,1977 - 1990,Don Aase,0
341,bannifl01,134,143,431,363,62,0,7164,2320,1078,291,846,1723,3.882,39.0,84,40.0,9,10187.0,13,1189,79.0,61.0,171.0,15,0.0,0,26.43,1977 - 1992,Floyd Bannister,2
342,clancji01,140,167,472,381,74,10,7552,2513,1182,244,947,1422,4.1850000000000005,45.0,101,32.0,4,10772.0,38,1304,70.0,84.0,212.0,15,0.0,0,20.74,1977 - 1991,Jim Clancy,2
343,hernawi01,70,63,744,11,0,147,3134,952,392,97,349,788,3.5100000000000007,79.0,37,25.0,10,4366.0,419,431,65.0,36.0,72.0,13,0.0,0,16.57,1977 - 1989,Willie Hernandez,0
344,honeyri01,109,143,797,268,47,38,6480,2183,893,185,657,1038,6.631000000000001,81.0,45,50.0,23,9141.0,118,1034,99.0,73.0,235.0,21,0.0,0,21.25,1977 - 1997,Rick Honeycutt,2
345,lampde01,96,96,639,163,21,35,5492,1975,799,122,549,857,4.515,86.0,44,35.0,14,7823.0,173,915,95.0,40.0,215.0,16,0.0,0,15.95,1977 - 1992,Dennis Lamp,2
346,morrija02,254,186,549,527,175,0,11472,3567,1657,389,1390,2478,4.492,99.0,206,58.0,27,16120.0,10,1815,113.0,114.0,299.0,18,1.0,Veterans,43.61,1977 - 1994,Jack Morris,2
347,schatda01,69,68,504,121,18,10,3951,1257,548,128,475,748,5.3660000000000005,64.0,56,23.0,5,5569.0,117,617,59.0,41.0,107.0,15,0.0,0,7.41,1977 - 1991,Dan Schatzeder,0
348,stanlbo01,115,97,637,85,21,132,5121,1858,690,113,471,693,3.657000000000001,87.0,22,41.0,2,7238.0,377,797,79.0,58.0,255.0,13,0.0,0,23.85,1977 - 1989,Bob Stanley,2
349,whitsed01,126,123,452,333,35,8,6720,2240,944,211,698,1266,4.4510000000000005,54.0,32,29.0,14,9479.0,48,1045,101.0,78.0,160.0,15,0.0,0,22.66,1977 - 1991,Ed Whitson,2
350,berenju01,67,62,490,95,5,32,3616,1034,522,116,604,975,4.1080000000000005,42.0,43,31.0,19,5169.0,157,576,32.0,42.0,71.0,15,0.0,0,10.07,1978 - 1992,Juan Berenguer,0
351,darwida01,171,182,716,371,53,32,9050,2951,1286,321,874,1942,6.55,101.0,52,81.0,17,12716.0,171,1431,124.0,111.0,194.0,21,0.0,0,40.28,1978 - 1998,Danny Darwin,2
352,lacosmi01,98,103,415,243,26,12,5219,1786,777,99,725,783,3.856,86.0,55,29.0,23,7496.0,61,885,91.0,48.0,210.0,14,0.0,0,1.16,1978 - 1991,Mike LaCoss,2
353,mcwilla01,78,90,370,224,34,3,4675,1548,690,137,542,940,4.003,58.0,52,52.0,15,6702.0,44,768,98.0,31.0,109.0,13,0.0,0,11.75,1978 - 1990,Larry McWilliams,2
354,mirabpa01,19,29,298,33,3,13,1499,526,247,43,239,258,3.585000000000001,29.0,17,13.0,1,2236.0,86,284,26.0,24.0,47.0,13,0.0,0,0.5800000000000001,1978 - 1990,Paul Mirabella,0
355,morgami01,141,186,597,411,46,8,8317,2943,1303,270,938,1403,7.217,77.0,105,73.0,5,11872.0,56,1431,124.0,75.0,332.0,22,0.0,0,28.74,1978 - 2002,Mike Morgan,2
356,robindo01,109,106,524,229,34,57,5875,1894,824,175,643,1251,4.466,89.0,74,27.0,15,8252.0,185,907,86.0,69.0,115.0,15,0.0,0,12.92,1978 - 1992,Don Robinson,1
357,sandesc01,163,143,472,407,43,5,7685,2590,1093,297,625,1611,5.407,51.0,39,43.0,22,10709.0,18,1209,94.0,94.0,150.0,19,0.0,0,29.36,1978 - 1996,Scott Sanderson,2
358,stewada01,168,129,523,348,55,19,7889,2499,1154,264,1034,1741,4.798,46.0,119,62.0,23,11251.0,87,1259,93.0,94.0,172.0,16,0.0,0,26.09,1978 - 1995,Dave Stewart,2
359,welchbo01,211,146,506,462,61,8,9276,2894,1191,267,1034,1969,4.266,60.0,55,79.0,45,12956.0,20,1310,122.0,83.0,209.0,17,0.0,0,43.41,1978 - 1994,Bob Welch,2
360,gullibi01,162,136,398,390,54,0,7680,2659,1118,282,622,1279,4.257,82.0,56,34.0,8,10744.0,3,1228,95.0,85.0,162.0,14,0.0,0,23.63,1979 - 1994,Bill Gullickson,2
361,leibrch01,140,119,394,346,52,2,6924,2390,952,172,656,1121,3.679,44.0,63,37.0,31,9774.0,17,1068,110.0,60.0,180.0,14,0.0,0,34.04,1979 - 1993,Charlie Leibrandt,2
362,mahleri01,96,111,392,271,43,6,5854,2069,866,165,606,952,3.769,70.0,41,35.0,23,8306.0,32,972,100.0,50.0,185.0,13,0.0,0,19.57,1979 - 1991,Rick Mahler,2
363,oroscje01,87,80,1252,4,0,144,3886,1055,455,113,581,1179,5.996,86.0,40,34.0,11,5460.0,501,512,56.0,54.0,81.0,24,0.0,0,22.87,1979 - 2003,Jesse Orosco,0
364,petryda01,125,104,370,300,52,1,6241,1984,912,218,852,1063,3.898,74.0,77,47.0,7,8860.0,22,1025,67.0,57.0,213.0,13,0.0,0,17.08,1979 - 1991,Dan Petry,2
365,reardje01,73,77,880,0,0,367,3397,1000,397,109,358,877,4.319000000000001,65.0,20,27.0,4,4720.0,695,426,58.0,34.0,46.0,16,0.0,0,19.04,1979 - 1994,Jeff Reardon,0
366,righeda01,82,79,718,89,13,252,4211,1287,540,95,591,1112,4.3100000000000005,48.0,40,21.0,19,5988.0,474,602,66.0,41.0,122.0,16,0.0,0,21.34,1979 - 1995,Dave Righetti,0
367,scottmi03,124,108,347,319,45,3,6206,1858,813,173,627,1469,3.4210000000000003,53.0,39,33.0,19,8571.0,13,908,100.0,65.0,122.0,13,0.0,0,24.04,1979 - 1991,Mike Scott,2
368,stiebda01,176,137,443,412,103,3,8686,2572,1106,225,1034,1669,3.957,36.0,51,129.0,14,12072.0,14,1225,98.0,70.0,235.0,16,0.0,0,56.51,1979 - 1998,Dave Stieb,2
369,boddimi01,134,116,342,309,63,3,6371,2082,897,188,721,1330,3.886,39.0,60,87.0,8,8999.0,15,992,54.0,50.0,194.0,14,0.0,0,31.33,1980 - 1993,Mike Boddicker,2
370,davisma01,51,84,624,85,4,96,3435,1068,530,129,534,1007,4.603000000000001,63.0,63,28.0,12,4955.0,265,582,60.0,44.0,90.0,15,0.0,0,7.37,1980 - 1997,Mark Davis,0
371,howelja01,58,53,568,21,2,155,2534,782,313,57,291,666,3.962,38.0,31,19.0,8,3564.0,360,335,36.0,34.0,49.0,15,0.0,0,15.08,1980 - 1994,Jay Howell,0
372,hurstbr01,145,113,379,359,83,0,7252,2463,1052,258,740,1689,4.432,42.0,56,28.0,19,10204.0,5,1143,87.0,55.0,195.0,15,0.0,0,34.53,1980 - 1994,Bruce Hurst,2
373,ojedabo01,115,98,351,291,41,1,5653,1833,764,145,676,1128,4.316000000000001,48.0,30,24.0,19,7977.0,26,856,85.0,62.0,151.0,15,0.0,0,24.38,1980 - 1994,Bob Ojeda,2
374,smithda02,53,53,609,1,0,216,2428,700,240,34,283,548,3.095,64.0,28,13.0,22,3357.0,432,280,55.0,19.0,57.0,13,0.0,0,11.94,1980 - 1992,Dave Smith,0
375,smithle02,71,92,1022,6,0,478,3868,1133,434,89,486,1251,4.939,100.0,47,10.0,4,5388.0,802,475,63.0,38.0,77.0,18,1.0,0,29.33,1980 - 1997,Lee Smith,0
376,valenfe01,173,153,453,424,113,2,8790,2718,1154,226,1151,2074,4.643,65.0,119,25.0,11,12398.0,10,1303,182.0,69.0,209.0,17,0.0,0,37.36,1980 - 1997,Fernando Valenzuela,2
377,walkbo01,105,81,350,259,16,5,4998,1671,746,143,606,848,3.743,36.0,80,40.0,33,7127.0,24,829,74.0,42.0,137.0,14,0.0,0,5.59,1980 - 1993,Bob Walk,2
378,agostju01,40,33,543,2,0,29,1879,639,279,30,248,307,4.535,47.0,21,30.0,7,2713.0,198,313,55.0,28.0,79.0,13,0.0,0,1.2999999999999996,1981 - 1993,Juan Agosto,0
379,bedrost01,76,79,732,46,0,184,3573,1026,447,114,518,921,3.444,75.0,33,27.0,4,5044.0,439,496,44.0,39.0,86.0,14,0.0,0,15.44,1981 - 1995,Steve Bedrosian,0
380,blackbu02,121,116,398,296,32,11,6160,1978,876,217,623,1039,4.555,49.0,65,49.0,43,8627.0,42,982,78.0,55.0,160.0,15,0.0,0,21.1,1981 - 1995,Buddy Black,2
381,harrigr01,74,90,703,98,4,54,4401,1329,601,129,652,1141,4.513000000000001,86.0,72,54.0,13,6293.0,266,689,72.0,51.0,132.0,15,0.0,0,19.18,1981 - 1995,Greg Harris,0
382,learyti01,78,105,292,224,25,1,4474,1570,723,147,535,888,3.933,45.0,87,52.0,13,6437.0,28,792,53.0,42.0,146.0,13,0.0,0,10.47,1981 - 1994,Tim Leary,2
383,nelsoge01,53,64,493,68,6,28,3240,1061,496,117,418,655,3.702,32.0,46,33.0,10,4652.0,153,537,43.0,40.0,91.0,13,0.0,0,7.36,1981 - 1993,Gene Nelson,0
384,penaal01,56,52,503,72,12,74,3173,959,365,75,331,839,4.332,62.0,16,13.0,10,4398.0,232,427,36.0,29.0,63.0,15,0.0,0,15.72,1981 - 1996,Alejandro Pena,0
385,powerte01,68,69,564,85,5,70,3480,1159,515,97,452,701,4.091,73.0,32,17.0,10,4982.0,233,568,66.0,57.0,91.0,13,0.0,0,7.57,1981 - 1993,Ted Power,0
386,smithbr01,108,94,365,255,23,6,5374,1725,702,140,432,1028,3.421,43.0,33,48.0,16,7434.0,39,808,87.0,47.0,146.0,13,0.0,0,16.48,1981 - 1993,Bryn Smith,2
387,davisst02,113,96,442,239,30,11,5342,1792,796,136,687,1048,3.868,59.0,81,20.0,10,7623.0,85,866,50.0,57.0,172.0,13,0.0,0,17.330000000000002,1982 - 1994,Storm Davis,2
388,gottji01,56,74,554,96,10,91,3360,1081,481,85,466,837,3.952,63.0,52,23.0,15,4828.0,261,546,57.0,30.0,84.0,14,0.0,0,9.82,1982 - 1995,Jim Gott,0
389,henketo01,41,42,642,0,0,311,2369,607,234,64,255,861,3.0880000000000005,29.0,30,9.0,3,3194.0,548,252,27.0,30.0,36.0,14,0.0,0,22.95,1982 - 1995,Tom Henke,0
390,jonesdo01,69,79,846,4,0,303,3385,1155,414,86,247,909,4.917,53.0,18,39.0,6,4754.0,640,465,56.0,38.0,87.0,16,0.0,0,21.37,1982 - 2000,Doug Jones,0
391,mooremi01,161,176,450,440,79,2,8495,2858,1381,291,1156,1667,3.719,61.0,135,55.0,11,12203.0,6,1516,71.0,84.0,261.0,14,0.0,0,27.92,1982 - 1995,Mike Moore,2
392,nunezed01,28,36,427,14,0,54,1957,666,304,74,280,508,4.189,38.0,23,19.0,10,2866.0,211,345,34.0,27.0,45.0,13,0.0,0,4.23,1982 - 1994,Ed Nunez,0
393,violafr01,176,150,421,420,74,0,8509,2827,1175,294,864,1844,4.345,39.0,86,48.0,12,11933.0,0,1303,88.0,63.0,215.0,15,0.0,0,47.13,1982 - 1996,Frank Viola,2
394,candito01,151,164,451,410,68,0,8175,2662,1130,250,883,1735,4.707999999999999,31.0,120,85.0,27,11568.0,11,1299,108.0,91.0,221.0,16,0.0,0,42.31,1983 - 1999,Tom Candiotti,2
395,darliro01,136,116,382,364,37,0,7081,2244,1016,239,906,1590,3.881,40.0,97,59.0,24,10032.0,5,1139,95.0,73.0,166.0,13,0.0,0,18.84,1983 - 1995,Ron Darling,2
396,deleojo01,86,119,415,264,21,6,5692,1556,793,153,841,1594,3.815,50.0,60,62.0,8,7985.0,36,877,77.0,63.0,96.0,13,0.0,0,17.45,1983 - 1995,Jose DeLeon,2
397,fernasi01,114,96,307,300,25,1,5600,1421,696,191,715,1743,3.519,33.0,22,41.0,19,7668.0,2,749,62.0,57.0,73.0,15,0.0,0,31.41,1983 - 1997,Sid Fernandez,2
398,grosske01,142,158,474,368,42,5,7463,2519,1137,230,986,1727,4.026,76.0,53,79.0,35,10791.0,38,1245,104.0,70.0,158.0,15,0.0,0,25.75,1983 - 1997,Kevin Gross,2
399,hershor01,204,150,510,466,68,5,9391,2939,1211,235,1007,2014,4.627000000000001,108.0,121,117.0,23,13150.0,19,1366,124.0,73.0,314.0,18,0.0,0,51.35,1983 - 2000,Orel Hershiser,2
400,jacksda02,112,131,353,324,44,1,6218,2110,923,133,816,1225,4.77,39.0,47,50.0,12,8986.0,11,1061,117.0,68.0,208.0,15,0.0,0,17.95,1983 - 1997,Danny Jackson,2
401,kruegbi01,68,66,301,164,9,4,3583,1305,577,104,493,639,5.138,32.0,70,24.0,10,5257.0,34,685,33.0,48.0,125.0,13,0.0,0,2.7700000000000005,1983 - 1995,Bill Krueger,2
402,russeje01,56,73,589,79,11,186,3299,1065,458,100,415,693,3.952,43.0,46,28.0,12,4694.0,340,525,32.0,41.0,112.0,14,0.0,0,14.82,1983 - 1996,Jeff Russell,0
403,bielemi01,70,73,347,178,7,5,3693,1236,572,116,496,783,3.964,45.0,51,19.0,15,5329.0,48,633,62.0,38.0,83.0,14,0.0,0,7.56,1984 - 1997,Mike Bielecki,2
404,clemero02,354,184,709,707,118,0,14750,4185,1707,363,1580,4672,5.540000000000002,63.0,143,159.0,20,20240.0,0,1885,119.0,103.0,329.0,24,0.0,0,138.67000000000002,1984 - 2007,Roger Clemens,2
405,francjo01,90,87,1119,0,0,424,3737,1166,400,81,495,975,5.332999999999999,78.0,54,22.0,9,5312.0,774,466,82.0,31.0,116.0,21,0.0,0,23.56,1984 - 2005,John Franco,0
406,goodedw01,194,112,430,410,68,3,8402,2564,1091,210,954,2293,4.643,42.0,76,78.0,33,11705.0,4,1198,84.0,68.0,197.0,16,0.0,0,48.16,1984 - 2000,Dwight Gooden,2
407,gubicma01,132,136,384,329,42,2,6670,2239,978,155,786,1371,3.961,39.0,107,58.0,11,9487.0,14,1063,65.0,82.0,214.0,14,0.0,0,37.38,1984 - 1997,Mark Gubicza,2
408,keyji01,186,117,470,389,34,10,7775,2518,1010,254,668,1538,3.93,29.0,50,38.0,12,10719.0,28,1104,88.0,69.0,234.0,15,0.0,0,49.0,1984 - 1998,Jimmy Key,2
409,langsma01,179,158,457,428,81,0,8888,2723,1306,311,1289,2464,4.316000000000001,34.0,89,46.0,22,12562.0,3,1438,89.0,81.0,248.0,16,0.0,0,49.95,1984 - 1999,Mark Langston,2
410,rijojo01,116,91,376,269,22,3,5640,1710,676,147,663,1606,3.54,34.0,30,28.0,28,7867.0,43,772,81.0,45.0,119.0,14,0.0,0,34.95,1984 - 2002,Jose Rijo,2
411,saberbr01,167,117,399,371,76,1,7688,2452,952,218,471,1715,4.420999999999999,34.0,53,59.0,12,10421.0,13,1036,89.0,68.0,167.0,16,0.0,0,58.93,1984 - 2001,Bret Saberhagen,2
412,smithza01,100,115,360,291,35,3,5758,1980,798,122,583,1011,3.9850000000000008,55.0,28,31.0,5,8077.0,16,933,110.0,42.0,263.0,13,0.0,0,20.74,1984 - 1996,Zane Smith,2
413,aguilri01,86,81,732,89,10,318,3874,1233,512,138,351,1030,4.628000000000001,42.0,53,36.0,10,5391.0,557,568,52.0,33.0,94.0,16,0.0,0,20.64,1985 - 2000,Rick Aguilera,0
414,myersra01,44,63,728,12,1,347,2654,758,314,69,396,884,3.338000000000001,43.0,32,12.0,2,3744.0,548,338,50.0,33.0,58.0,14,0.0,0,15.07,1985 - 1998,Randy Myers,0
415,pattebo01,39,40,559,21,0,28,1852,619,280,70,180,483,3.775,38.0,8,9.0,6,2593.0,175,294,29.0,25.0,40.0,13,0.0,0,4.7,1985 - 1998,Bob Patterson,0
416,portuma01,109,95,346,283,16,5,5479,1813,817,209,607,1134,4.262,27.0,57,36.0,7,7726.0,24,896,78.0,46.0,159.0,15,0.0,0,15.91,1985 - 1999,Mark Portugal,2
417,swiftbi02,94,78,403,220,11,27,4799,1688,702,116,507,767,3.621,42.0,38,53.0,16,6817.0,67,801,55.0,30.0,235.0,13,0.0,0,18.92,1985 - 1998,Bill Swift,2
418,assenpa01,61,44,884,1,0,56,2567,817,336,73,315,807,4.045,78.0,31,22.0,5,3664.0,275,371,59.0,28.0,61.0,14,0.0,0,13.06,1986 - 1999,Paul Assenmacher,0
419,brownke01,211,144,486,476,72,0,9769,3079,1185,208,901,2397,4.953,42.0,108,139.0,15,13542.0,1,1357,95.0,64.0,330.0,19,0.0,0,68.21,1986 - 2005,Kevin Brown,2
420,coneda01,194,126,450,419,56,1,8696,2504,1115,258,1137,2668,4.507000000000001,42.0,149,106.0,32,12184.0,9,1222,76.0,82.0,138.0,17,0.0,0,61.58,1986 - 2003,David Cone,2
421,drabedo01,155,134,398,387,53,0,7605,2448,1052,246,704,1594,3.345,56.0,80,53.0,6,10518.0,4,1141,97.0,69.0,177.0,13,0.0,0,27.57,1986 - 1998,Doug Drabek,2
422,finlech01,200,173,524,467,63,0,9592,3069,1366,304,1332,2610,4.598000000000001,36.0,130,76.0,22,13638.0,24,1517,104.0,85.0,305.0,17,0.0,0,58.32,1986 - 2002,Chuck Finley,2
423,jacksmi02,62,67,1005,7,0,142,3565,983,451,127,464,1006,3.8689999999999993,80.0,39,56.0,27,4966.0,422,492,54.0,41.0,86.0,17,0.0,0,18.84,1986 - 2004,Michael Jackson,0
424,maddugr01,355,227,744,740,109,0,15025,4726,1756,353,999,3371,6.382000000000001,177.0,70,137.0,28,20421.0,3,1981,274.0,119.0,422.0,23,1.0,BBWAA,104.78,1986 - 2008,Greg Maddux,2
425,maddumi01,39,37,472,48,2,20,2585,873,388,67,284,564,4.871,40.0,41,32.0,8,3685.0,149,428,39.0,30.0,78.0,15,0.0,0,6.0,1986 - 2000,Mike Maddux,0
426,moyerja01,269,209,696,638,33,0,12222,4231,1926,522,1155,2441,7.350000000000002,69.0,57,146.0,12,17356.0,15,2076,146.0,106.0,332.0,25,0.0,0,49.95,1986 - 2012,Jamie Moyer,2
427,mulhote01,124,142,685,332,46,5,7727,2833,1262,293,681,1325,7.6190000000000015,65.0,64,70.0,3,11060.0,128,1396,133.0,84.0,267.0,20,0.0,0,12.91,1986 - 2006,Terry Mulholland,2
428,plesada01,65,71,1064,14,0,158,3216,977,433,105,402,1041,4.814,54.0,41,17.0,10,4539.0,422,478,47.0,42.0,68.0,18,0.0,0,17.06,1986 - 2003,Dan Plesac,0
429,plunker01,72,58,714,41,0,35,3453,1009,488,122,647,1081,3.752,45.0,75,32.0,24,5030.0,234,537,46.0,37.0,87.0,14,0.0,0,13.47,1986 - 1999,Eric Plunk,0
430,swindgr01,123,122,664,269,40,7,6700,2313,957,262,501,1542,5.121,34.0,30,21.0,12,9301.0,93,1053,94.0,65.0,137.0,17,0.0,0,30.18,1986 - 2002,Greg Swindell,2
431,tewksbo01,110,102,302,277,31,1,5421,2043,787,142,292,812,4.25,22.0,24,41.0,7,7623.0,8,884,94.0,74.0,171.0,13,0.0,0,21.25,1986 - 1998,Bob Tewksbury,2
432,wittbo01,142,157,430,397,47,0,7395,2493,1324,252,1375,1955,5.170000000000001,37.0,128,39.0,26,11003.0,13,1449,78.0,97.0,216.0,16,0.0,0,14.67,1986 - 2001,Bobby Witt,2
433,belchti01,146,140,394,373,42,5,7328,2423,1130,264,860,1519,3.884,43.0,73,58.0,10,10422.0,13,1253,82.0,73.0,180.0,14,0.0,0,26.73,1987 - 2000,Tim Belcher,2
434,burkejo03,166,136,445,423,21,1,7945,2866,1268,257,700,1766,4.475,59.0,33,90.0,8,11324.0,8,1374,107.0,69.0,224.0,15,0.0,0,21.78,1987 - 2003,John Burkett,2
435,glavito02,305,203,682,682,56,0,13240,4298,1734,356,1500,2607,5.715,145.0,65,66.0,7,18604.0,0,1900,228.0,113.0,420.0,22,1.0,BBWAA,73.92999999999999,1987 - 2008,Tom Glavine,2
436,leiteal01,162,132,419,382,16,2,7173,2152,1010,198,1163,1974,5.18,53.0,63,117.0,20,10334.0,9,1101,109.0,62.0,210.0,19,0.0,0,42.51,1987 - 2005,Al Leiter,2
437,mesajo01,80,109,1022,95,6,321,4646,1629,750,151,651,1038,5.989000000000002,57.0,75,55.0,5,6804.0,633,811,64.0,62.0,150.0,19,0.0,0,11.38,1987 - 2007,Jose Mesa,0
438,montgje01,46,52,700,1,0,304,2606,785,316,81,296,733,3.253,40.0,33,26.0,10,3637.0,549,347,39.0,22.0,68.0,13,0.0,0,20.52,1987 - 1999,Jeff Montgomery,0
439,wellsda01,239,157,660,489,54,13,10317,3635,1578,407,719,2201,6.587000000000001,65.0,101,83.0,17,14413.0,65,1702,106.0,84.0,266.0,21,0.0,0,53.61,1987 - 2007,David Wells,2
440,brantje01,43,46,615,18,0,172,2578,754,324,105,366,728,3.2840000000000003,51.0,26,27.0,13,3644.0,379,348,43.0,33.0,58.0,14,0.0,0,11.61,1988 - 2001,Jeff Brantley,0
441,charlno01,51,54,605,37,1,97,2698,798,371,70,409,808,3.71,27.0,77,32.0,9,3845.0,280,419,52.0,21.0,79.0,13,0.0,0,8.5,1988 - 2001,Norm Charlton,0
442,cookde01,64,46,665,71,6,9,3035,950,440,130,390,739,4.851,49.0,23,31.0,16,4298.0,116,486,37.0,38.0,64.0,15,0.0,0,9.6,1988 - 2002,Dennis Cook,0
443,gordoto01,138,126,890,203,18,158,6324,1889,927,176,977,1928,5.375,57.0,112,38.0,5,9058.0,347,1016,58.0,69.0,163.0,21,0.0,0,35.01,1988 - 2009,Tom Gordon,0
444,harnipe01,111,103,321,318,24,0,5877,1822,846,223,716,1368,3.851,38.0,50,49.0,12,8332.0,1,926,74.0,63.0,106.0,14,0.0,0,19.02,1988 - 2001,Pete Harnisch,2
445,hillke01,117,109,332,315,19,0,5919,1938,891,162,852,1181,4.772,43.0,78,47.0,13,8520.0,4,977,90.0,71.0,168.0,14,0.0,0,22.64,1988 - 2001,Ken Hill,2
446,johnsra05,303,166,618,603,100,2,12406,3346,1513,411,1497,4875,5.404,37.0,109,190.0,33,17067.0,7,1703,131.0,89.0,251.0,22,1.0,BBWAA,103.52,1988 - 2009,Randy Johnson,2
447,martira02,135,88,301,297,37,0,5687,1691,772,170,795,1427,3.31,41.0,33,66.0,7,8075.0,1,880,76.0,50.0,116.0,14,0.0,0,25.89,1988 - 2001,Ramon Martinez,2
448,olsongr01,40,39,622,0,0,217,2016,598,258,46,330,588,4.577999999999999,41.0,43,12.0,7,2889.0,447,275,23.0,20.0,54.0,14,0.0,0,12.68,1988 - 2001,Gregg Olson,0
449,reedri01,93,76,273,245,14,1,4637,1601,692,213,285,970,4.902000000000001,28.0,11,44.0,5,6407.0,6,748,44.0,37.0,107.0,15,0.0,0,20.14,1988 - 2003,Rick Reed,2
450,schilcu01,216,146,569,436,83,22,9783,2998,1253,347,711,3116,5.324000000000001,43.0,72,52.0,8,13284.0,81,1318,123.0,76.0,193.0,20,0.0,0,80.51,1988 - 2007,Curt Schilling,2
451,smoltjo01,213,155,723,481,53,154,10419,3074,1284,288,1010,3084,5.295,84.0,145,57.0,16,14271.0,204,1391,139.0,87.0,244.0,21,1.0,BBWAA,66.4,1988 - 2009,John Smoltz,2
452,stottto01,138,121,372,339,25,1,6575,2200,1042,246,816,1587,4.013999999999999,49.0,64,83.0,10,9441.0,12,1130,61.0,78.0,138.0,14,0.0,0,20.96,1988 - 2002,Todd Stottlemyre,2
453,alvarwi01,102,92,355,263,12,4,5243,1624,769,190,805,1330,4.507,29.0,28,50.0,4,7518.0,18,857,67.0,43.0,161.0,14,0.0,0,24.99,1989 - 2005,Wilson Alvarez,2
454,appieke01,169,137,414,402,34,0,7786,2425,1078,232,933,1994,4.787,51.0,106,79.0,7,10958.0,2,1168,67.0,72.0,207.0,16,0.0,0,54.89,1989 - 2004,Kevin Appier,2
455,benesan01,155,139,403,387,21,1,7516,2377,1106,289,909,2000,3.759,52.0,63,55.0,16,10645.0,6,1206,102.0,74.0,144.0,14,0.0,0,31.23,1989 - 2002,Andy Benes,2
456,fettemi01,31,41,620,6,0,100,2150,699,307,62,351,518,4.898000000000001,39.0,57,31.0,4,3140.0,292,360,31.0,28.0,81.0,16,0.0,0,7.65,1989 - 2004,Mike Fetters,0
457,gardnma01,99,93,345,275,15,1,5294,1752,894,237,628,1256,3.397,37.0,29,65.0,13,7540.0,20,960,73.0,66.0,94.0,13,0.0,0,6.24,1989 - 2001,Mark Gardner,2
458,grimsja01,42,58,552,72,3,4,2810,954,496,83,498,622,4.24,46.0,96,47.0,2,4208.0,127,549,36.0,29.0,110.0,15,0.0,0,5.420000000000001,1989 - 2006,Jason Grimsley,0
459,guthrma01,51,54,765,43,3,14,2936,989,440,101,381,778,4.924,53.0,63,22.0,5,4211.0,168,489,54.0,38.0,86.0,15,0.0,0,9.34,1989 - 2003,Mark Guthrie,0
460,mcelrch01,38,30,654,7,0,17,2218,724,320,66,362,604,4.573999999999999,46.0,31,11.0,0,3233.0,179,366,28.0,31.0,56.0,13,0.0,0,8.56,1989 - 2001,Chuck McElroy,0
461,merckke01,74,67,692,150,2,25,3976,1307,612,154,607,917,5.448999999999999,47.0,55,32.0,15,5792.0,157,676,65.0,46.0,104.0,18,0.0,0,12.78,1989 - 2008,Kent Mercker,0
462,rogerke01,219,156,762,474,36,28,9908,3457,1568,339,1175,1968,5.647,53.0,79,127.0,23,14280.0,133,1739,94.0,92.0,349.0,20,0.0,0,50.53,1989 - 2008,Kenny Rogers,2
463,seaneru01,41,30,544,0,0,12,1698,515,258,58,285,574,4.924,28.0,48,15.0,1,2477.0,159,285,19.0,22.0,36.0,17,0.0,0,3.3400000000000003,1989 - 2008,Rudy Seanez,0
464,stantmi02,68,63,1178,1,0,84,3342,1086,485,93,420,895,6.481000000000002,76.0,35,33.0,9,4762.0,363,523,53.0,36.0,87.0,19,0.0,0,13.8,1989 - 2007,Mike Stanton,0
465,tapanke01,143,125,361,354,26,0,6795,2407,1094,260,554,1482,4.019,30.0,44,53.0,6,9600.0,1,1168,80.0,68.0,155.0,13,0.0,0,29.21,1989 - 2001,Kevin Tapani,2
466,burbada01,115,87,511,234,6,3,5333,1777,886,201,762,1398,4.62,53.0,75,58.0,4,7749.0,71,961,51.0,55.0,130.0,15,0.0,0,16.23,1990 - 2004,Dave Burba,2
467,ericksc01,142,136,389,364,51,0,7082,2586,1203,228,865,1252,4.9460000000000015,32.0,68,103.0,3,10284.0,10,1306,67.0,70.0,316.0,15,0.0,0,24.81,1990 - 2006,Scott Erickson,2
468,hammoch01,66,62,441,136,5,3,3371,1163,517,105,387,712,3.888,32.0,31,31.0,9,4821.0,67,572,54.0,32.0,109.0,14,0.0,0,9.11,1990 - 2006,Chris Hammond,2
469,holmeda01,35,33,557,6,0,59,2040,709,321,63,256,581,4.814,36.0,26,15.0,4,2966.0,212,348,36.0,22.0,54.0,13,0.0,0,7.439999999999999,1990 - 2003,Darren Holmes,0
470,nagych01,129,105,318,297,31,0,5864,2188,980,217,586,1242,4.159,37.0,45,51.0,4,8454.0,9,1061,49.0,55.0,201.0,14,0.0,0,24.81,1990 - 2003,Charles Nagy,2
471,rodriri02,31,22,609,2,0,8,1922,642,271,62,261,396,3.519,46.0,20,12.0,5,2750.0,146,304,31.0,17.0,71.0,13,0.0,0,5.06,1990 - 2003,Rich Rodriguez,0
472,ashbyan01,98,110,309,285,21,1,5432,1857,829,205,540,1173,4.311999999999999,49.0,58,61.0,4,7692.0,10,922,99.0,51.0,170.0,14,0.0,0,21.53,1991 - 2004,Andy Ashby,2
473,beckro01,38,45,704,0,0,286,2304,703,282,97,191,644,3.4120000000000004,33.0,23,20.0,3,3170.0,519,308,34.0,26.0,40.0,13,0.0,0,11.31,1991 - 2004,Rod Beck,0
474,castifr01,82,104,297,268,10,2,4786,1660,809,190,506,1101,3.829,32.0,33,59.0,9,6871.0,9,878,71.0,46.0,79.0,13,0.0,0,9.4,1991 - 2005,Frank Castillo,2
475,cormirh01,71,64,683,108,7,2,3665,1248,547,121,317,760,4.837999999999999,37.0,39,51.0,4,5157.0,105,604,57.0,32.0,134.0,16,0.0,0,8.61,1991 - 2007,Rheal Cormier,0
476,eldreca01,86,74,341,192,19,9,4104,1340,672,173,576,939,3.816,17.0,39,50.0,2,5930.0,45,716,40.0,43.0,103.0,14,0.0,0,16.22,1991 - 2005,Cal Eldred,2
477,fasseje01,121,124,720,242,17,25,6101,2083,929,214,724,1643,4.843,50.0,86,37.0,8,8810.0,146,1042,108.0,62.0,144.0,16,0.0,0,25.18,1991 - 2006,Jeff Fassero,2
478,hentgpa01,131,112,344,306,34,1,6226,2111,996,269,775,1290,3.6880000000000006,29.0,66,49.0,10,8925.0,15,1076,57.0,60.0,171.0,14,0.0,0,33.0,1991 - 2004,Pat Hentgen,2
479,hernaro01,67,71,1010,3,0,326,3214,1002,411,96,462,945,5.0440000000000005,53.0,50,35.0,1,4632.0,667,475,56.0,21.0,83.0,17,0.0,0,18.47,1991 - 2007,Roberto Hernandez,0
480,mussimi01,270,153,537,536,57,0,10688,3460,1458,376,785,2813,4.6,29.0,71,60.0,1,14593.0,0,1559,90.0,82.0,293.0,18,1.0,0,82.78,1991 - 2008,Mike Mussina,2
481,neaglde01,124,92,392,286,20,3,5671,1887,891,250,594,1415,4.008,44.0,47,53.0,6,8031.0,23,948,79.0,55.0,120.0,13,0.0,0,22.52,1991 - 2003,Denny Neagle,2
482,remlimi01,53,55,639,59,4,20,2637,784,381,103,430,854,4.329,38.0,48,30.0,6,3806.0,110,412,43.0,25.0,70.0,14,0.0,0,11.35,1991 - 2006,Mike Remlinger,0
483,rhodear01,87,70,900,61,5,33,3563,1033,538,126,516,1152,5.184,48.0,43,16.0,3,5007.0,161,560,40.0,34.0,91.0,20,0.0,0,15.16,1991 - 2011,Arthur Rhodes,0
484,timlimi01,75,73,1058,4,0,141,3613,1168,486,118,377,872,5.379,72.0,31,47.0,3,5082.0,467,533,58.0,32.0,122.0,18,0.0,0,19.1,1991 - 2008,Mike Timlin,0
485,weathda01,73,88,964,69,0,75,4129,1432,650,133,604,976,7.226,78.0,41,57.0,6,6071.0,304,711,95.0,40.0,144.0,19,0.0,0,10.89,1991 - 2009,David Weathers,0
486,astacpe01,129,124,392,343,31,0,6590,2292,1140,291,726,1664,4.957000000000001,54.0,59,111.0,18,9472.0,11,1213,96.0,69.0,201.0,15,0.0,0,28.28,1992 - 2006,Pedro Astacio,2
487,batismi01,102,115,658,248,11,41,5869,2021,974,194,899,1250,5.816000000000001,58.0,102,79.0,6,8643.0,164,1089,88.0,74.0,205.0,18,0.0,0,14.48,1992 - 2012,Miguel Batista,2
488,brocado01,52,48,626,42,0,9,2640,885,391,85,310,642,4.013000000000001,34.0,33,35.0,7,3793.0,175,436,41.0,34.0,71.0,15,0.0,0,10.37,1992 - 2009,Doug Brocail,0
489,embreal01,39,45,882,4,0,25,2322,744,395,95,293,691,5.212,35.0,24,20.0,3,3318.0,217,429,31.0,41.0,58.0,16,0.0,0,2.38,1992 - 2009,Alan Embree,0
490,groombu01,31,32,786,15,0,27,2204,825,379,73,260,494,4.688999999999999,36.0,20,21.0,4,3226.0,195,403,19.0,30.0,75.0,14,0.0,0,6.760000000000001,1992 - 2005,Buddy Groom,0
491,hitchst01,74,76,281,200,10,3,3857,1374,685,181,471,997,4.218999999999999,25.0,61,42.0,11,5635.0,27,738,43.0,48.0,93.0,13,0.0,0,9.47,1992 - 2004,Sterling Hitchcock,2
492,martipe02,219,100,476,409,46,3,8482,2221,919,239,760,3154,3.978,30.0,62,141.0,6,11394.0,23,1006,74.0,63.0,148.0,18,1.0,BBWAA,86.08,1992 - 2009,Pedro Martinez,2
493,nelsoje01,48,45,798,0,0,33,2354,633,297,55,428,829,3.692,59.0,36,64.0,3,3402.0,237,329,49.0,29.0,64.0,15,0.0,0,14.72,1992 - 2006,Jeff Nelson,0
494,quantpa01,68,78,841,64,1,21,3767,1442,534,112,336,725,5.036999999999999,68.0,5,45.0,8,5428.0,228,601,56.0,49.0,138.0,14,0.0,0,18.14,1992 - 2005,Paul Quantrill,0
495,reedst01,49,44,833,0,0,18,2612,811,351,107,285,630,4.202,46.0,11,61.0,5,3662.0,197,384,35.0,26.0,79.0,14,0.0,0,17.78,1992 - 2005,Steve Reed,0
496,reynosh01,114,96,305,278,20,0,5375,1935,814,191,419,1403,3.882,33.0,38,41.0,8,7610.0,5,895,85.0,39.0,151.0,13,0.0,0,18.04,1992 - 2004,Shane Reynolds,2
497,sprinru01,36,45,740,27,1,9,2569,824,430,121,349,775,5.385,33.0,39,35.0,0,3716.0,168,458,23.0,29.0,41.0,18,0.0,0,3.08,1992 - 2010,Russ Springer,0
498,wakefti01,200,180,627,463,33,22,9679,3152,1582,418,1205,2156,4.832000000000002,33.0,134,186.0,8,13939.0,78,1791,51.0,109.0,232.0,19,0.0,0,34.54,1992 - 2011,Tim Wakefield,2
499,wickmbo01,63,61,835,28,1,267,3177,1051,420,80,432,785,4.845,45.0,32,38.0,2,4586.0,511,469,42.0,28.0,130.0,15,0.0,0,16.88,1992 - 2007,Bob Wickman,0
500,anderbr02,82,83,291,245,12,1,4641,1743,814,264,337,723,4.021,28.0,22,23.0,28,6532.0,11,906,49.0,60.0,154.0,13,0.0,0,10.86,1993 - 2005,Brian Anderson,2
501,guarded01,46,61,908,25,0,187,2834,894,452,138,348,798,4.953,39.0,25,16.0,2,4011.0,401,476,45.0,38.0,51.0,17,0.0,0,13.28,1993 - 2009,Eddie Guardado,0
502,hamptmi01,148,115,419,355,21,1,6805,2370,1024,200,901,1387,4.422000000000001,49.0,75,49.0,13,9824.0,12,1157,107.0,69.0,289.0,16,0.0,0,20.69,1993 - 2010,Mike Hampton,2
503,hoffmtr01,61,75,1035,0,0,601,3268,846,347,100,307,1133,4.04,58.0,49,9.0,0,4388.0,856,378,32.0,30.0,60.0,18,1.0,BBWAA,28.11,1993 - 2010,Trevor Hoffman,0
504,jonesto02,58,63,982,1,0,319,3216,1072,473,93,443,868,5.121,62.0,43,38.0,1,4650.0,619,518,48.0,38.0,117.0,16,0.0,0,10.25,1993 - 2008,Todd Jones,0
505,micelda01,43,52,631,9,0,39,2102,684,349,93,310,632,4.55,47.0,43,20.0,4,3069.0,225,383,34.0,29.0,49.0,14,0.0,0,2.45,1993 - 2006,Dan Miceli,0
506,oliveda02,118,98,766,229,11,7,5747,2037,960,216,720,1259,5.772,45.0,60,96.0,15,8346.0,121,1045,74.0,65.0,199.0,20,0.0,0,21.15,1993 - 2013,Darren Oliver,2
507,rueteki01,130,92,340,336,4,0,5754,2092,911,220,582,818,3.842000000000001,41.0,24,25.0,0,8210.0,1,1004,93.0,60.0,218.0,13,0.0,0,15.97,1993 - 2005,Kirk Rueter,2
508,seleaa01,148,112,404,352,15,0,6459,2413,1102,225,798,1407,4.295999999999999,39.0,54,112.0,2,9534.0,15,1208,53.0,90.0,197.0,15,0.0,0,19.95,1993 - 2007,Aaron Sele,2
509,tavarju01,88,82,828,108,2,23,4213,1540,696,113,563,842,5.71,72.0,43,96.0,11,6222.0,184,808,67.0,49.0,192.0,17,0.0,0,4.92,1993 - 2009,Julian Tavarez,0
510,trachst01,143,159,420,417,20,0,7503,2587,1219,348,943,1591,4.945,63.0,64,52.0,16,10799.0,1,1327,96.0,94.0,193.0,16,0.0,0,24.75,1993 - 2008,Steve Trachsel,2
511,williwo02,132,116,424,330,10,0,6649,2217,1031,309,711,1480,4.067,40.0,58,72.0,6,9475.0,34,1096,89.0,64.0,134.0,15,0.0,0,27.6,1993 - 2007,Woody Williams,2
512,worreti01,48,59,678,49,0,71,2921,963,429,107,366,758,4.805,41.0,17,27.0,2,4230.0,242,488,42.0,39.0,55.0,14,0.0,0,8.96,1993 - 2006,Tim Worrell,0
513,benitar01,40,47,762,0,0,289,2337,545,271,95,403,946,3.636,32.0,18,16.0,5,3253.0,527,296,24.0,22.0,47.0,15,0.0,0,17.41,1994 - 2008,Armando Benitez,0
514,liebejo01,131,124,401,327,25,2,6594,2388,1043,285,422,1553,3.95,52.0,30,49.0,13,9300.0,18,1158,93.0,76.0,164.0,14,0.0,0,25.5,1994 - 2008,Jon Lieber,2
515,limajo01,89,102,348,235,9,5,4703,1783,917,267,393,980,4.176,27.0,43,53.0,3,6790.0,40,972,64.0,58.0,115.0,13,0.0,0,6.21,1994 - 2006,Jose Lima,2
516,parkch01,124,98,476,287,10,2,5979,1872,965,230,910,1715,4.885000000000001,35.0,75,138.0,14,8714.0,52,1046,99.0,56.0,171.0,17,0.0,0,18.07,1994 - 2010,Chan Ho Park,2
517,byrdpa01,109,96,345,256,17,0,5091,1857,831,247,401,923,4.755,23.0,35,62.0,7,7266.0,30,929,39.0,57.0,124.0,14,0.0,0,15.920000000000002,1995 - 2009,Paul Byrd,2
518,estessh01,101,93,283,281,14,0,5035,1708,879,158,858,1210,3.749,36.0,79,57.0,9,7403.0,0,950,102.0,49.0,241.0,13,0.0,0,9.26,1995 - 2008,Shawn Estes,2
519,hawkila01,75,94,1042,98,2,127,4402,1607,702,163,456,983,6.590000000000001,35.0,70,21.0,7,6323.0,373,763,43.0,50.0,144.0,21,0.0,0,17.97,1995 - 2015,LaTroy Hawkins,0
520,isrinja01,51,55,724,52,3,300,3023,901,408,85,437,830,3.973,43.0,53,34.0,2,4322.0,499,450,35.0,32.0,81.0,16,0.0,0,12.26,1995 - 2012,Jason Isringhausen,0
521,loaizes01,126,114,377,333,14,1,6297,2352,1084,259,604,1382,5.329000000000001,40.0,32,75.0,9,9106.0,16,1170,73.0,79.0,182.0,14,0.0,0,22.95,1995 - 2008,Esteban Loaiza,2
522,myersmi01,25,24,883,0,0,14,1625,525,258,58,256,429,4.177,33.0,10,43.0,2,2385.0,195,278,26.0,15.0,61.0,13,0.0,0,8.13,1995 - 2007,Mike Myers,0
523,percitr01,35,43,703,1,0,358,2126,479,250,85,306,781,2.75,25.0,32,27.0,2,2915.0,546,271,16.0,16.0,18.0,14,0.0,0,17.09,1995 - 2009,Troy Percival,0
524,pettian01,256,153,531,521,26,0,9948,3448,1418,288,1031,2448,4.797000000000001,42.0,69,55.0,11,14074.0,3,1572,108.0,82.0,362.0,18,0.0,0,60.67,1995 - 2013,Andy Pettitte,2
525,reyesal01,23,16,384,2,0,32,1286,340,182,53,195,422,3.164,14.0,13,25.0,1,1817.0,150,190,17.0,16.0,23.0,13,0.0,0,5.92,1995 - 2008,Alberto Reyes,0
526,riverma01,82,60,1115,10,0,652,3851,998,315,71,286,1173,4.007,41.0,13,46.0,3,5103.0,952,340,26.0,25.0,88.0,19,1.0,0,56.27,1995 - 2013,Mariano Rivera,0
527,schmija01,130,96,323,314,20,0,5989,1846,878,184,792,1758,4.065,35.0,93,52.0,11,8532.0,1,958,81.0,57.0,120.0,14,0.0,0,31.7,1995 - 2009,Jason Schmidt,2
528,suppaje01,140,146,448,417,16,0,7628,2843,1328,337,871,1390,5.785999999999999,58.0,89,94.0,6,11139.0,16,1451,112.0,80.0,273.0,17,0.0,0,15.67,1995 - 2012,Jeff Suppan,2
529,villoro01,61,65,717,93,2,8,3504,1115,614,136,637,925,4.815000000000001,39.0,48,68.0,2,5193.0,168,665,54.0,42.0,102.0,15,0.0,0,4.28,1995 - 2009,Ron Villone,0
530,wagnebi02,47,40,853,0,0,422,2709,601,232,82,300,1196,2.832,26.0,43,33.0,1,3600.0,703,262,33.0,14.0,51.0,16,0.0,0,27.75,1995 - 2010,Billy Wagner,0
531,desseel01,52,64,441,140,2,5,3523,1300,579,145,348,693,4.8950000000000005,45.0,22,24.0,4,5062.0,64,628,59.0,35.0,112.0,14,0.0,0,11.32,1996 - 2010,Elmer Dessens,2
532,hernali01,178,177,519,474,50,1,9567,3525,1572,362,1066,1976,6.3530000000000015,86.0,41,78.0,13,13816.0,17,1686,174.0,118.0,299.0,17,0.0,0,24.76,1996 - 2012,Livan Hernandez,2
533,milletr02,18,17,694,5,0,11,1570,521,243,54,237,434,4.430000000000001,28.0,22,43.0,0,2322.0,133,264,22.0,18.0,35.0,13,0.0,0,4.67,1996 - 2011,Trever Miller,0
534,moehlbr01,84,107,332,252,11,1,4702,1834,837,199,454,859,4.351000000000001,37.0,25,36.0,3,6844.0,40,897,58.0,42.0,159.0,14,0.0,0,12.43,1996 - 2010,Brian Moehler,2
535,wrighja01,97,130,719,248,6,2,6110,2168,1088,200,978,1189,5.718999999999999,73.0,87,155.0,13,9038.0,133,1208,80.0,60.0,271.0,19,0.0,0,10.17,1996 - 2014,Jamey Wright,2
536,carpech01,144,94,350,332,33,0,6658,2205,927,220,627,1697,4.073,23.0,51,85.0,3,9305.0,6,1021,75.0,48.0,223.0,15,0.0,0,35.24,1997 - 2012,Chris Carpenter,2
537,eyresc01,28,30,617,32,0,4,1948,654,305,83,332,537,3.987,27.0,41,15.0,0,2881.0,107,337,20.0,31.0,55.0,13,0.0,0,7.27,1997 - 2009,Scott Eyre,0
538,lowede01,176,157,681,377,10,86,8014,2759,1195,217,794,1722,5.118,67.0,55,78.0,13,11358.0,168,1333,100.0,56.0,315.0,17,0.0,0,33.06,1997 - 2013,Derek Lowe,2
539,mahayro01,27,12,514,3,0,4,1704,539,242,75,266,470,4.137,22.0,28,10.0,1,2474.0,100,273,12.0,19.0,41.0,14,0.0,0,7.949999999999999,1995 - 2010,Ron Mahay,0
540,millwke01,169,152,451,443,22,0,8161,2770,1243,296,843,2083,4.245,46.0,67,74.0,4,11616.0,3,1357,105.0,53.0,211.0,16,0.0,0,30.71,1997 - 2012,Kevin Millwood,2
541,reyesde01,35,35,673,40,0,4,2180,724,340,61,400,642,4.95,29.0,70,23.0,8,3243.0,120,384,45.0,25.0,71.0,15,0.0,0,5.91,1997 - 2011,Dennys Reyes,0
542,tomkobr01,100,103,397,266,13,2,5448,1898,939,255,582,1209,4.347,52.0,63,37.0,3,7824.0,39,1011,82.0,56.0,130.0,14,0.0,0,10.92,1997 - 2011,Brett Tomko,2
543,chenbr01,82,81,400,227,4,1,4596,1578,786,257,546,1140,6.173,40.0,30,45.0,3,6619.0,56,849,45.0,53.0,92.0,17,0.0,0,10.77,1998 - 2015,Bruce Chen,2
544,dempsry01,132,133,579,351,11,87,7161,2347,1154,267,1071,2075,4.673,47.0,80,91.0,3,10412.0,186,1250,100.0,64.0,209.0,16,0.0,0,22.25,1998 - 2013,Ryan Dempster,2
545,hallaro01,203,105,416,390,67,1,8248,2646,1034,236,592,2117,4.027000000000001,28.0,56,81.0,9,11287.0,6,1135,69.0,61.0,249.0,16,1.0,0,65.38,1998 - 2013,Roy Halladay,2
546,howrybo01,45,52,769,0,0,66,2363,731,336,93,253,653,3.998,42.0,24,29.0,1,3321.0,295,366,35.0,36.0,52.0,13,0.0,0,10.72,1998 - 2010,Bob Howry,0
547,pavanca01,108,107,302,284,17,0,5366,1971,873,200,425,1091,4.606999999999999,41.0,26,84.0,16,7643.0,3,955,58.0,58.0,153.0,14,0.0,0,16.62,1998 - 2012,Carl Pavano,2
548,vazquja01,165,160,450,443,28,0,8520,2784,1331,373,763,2536,3.576,58.0,76,88.0,4,11935.0,5,1431,103.0,66.0,195.0,14,0.0,0,43.39,1998 - 2011,Javier Vazquez,2
549,woodke02,86,75,446,178,11,63,4140,1083,563,148,666,1582,3.3460000000000005,22.0,64,99.0,6,5863.0,138,599,54.0,43.0,83.0,14,0.0,0,26.76,1998 - 2012,Kerry Wood,2
550,burneaj01,164,157,435,430,24,0,8194,2519,1210,263,1100,2513,4.1530000000000005,35.0,161,143.0,6,11665.0,1,1328,85.0,88.0,241.0,17,0.0,0,0.0,1999 - 2015,A. J. Burnett,2
551,cordefr01,47,53,800,0,0,329,2474,751,310,64,375,796,4.202,30.0,37,27.0,3,3551.0,575,342,33.0,33.0,63.0,14,0.0,0,16.91,1999 - 2012,Francisco Cordero,0
552,davisdo02,92,108,306,286,7,0,5147,1813,846,180,783,1279,4.571,28.0,63,44.0,10,7597.0,4,921,100.0,45.0,173.0,13,0.0,0,21.47,1999 - 2011,Doug Davis,2
553,doteloc01,59,50,758,34,0,109,2853,765,399,117,412,1143,4.594,39.0,46,41.0,4,4024.0,305,431,36.0,36.0,36.0,15,0.0,0,15.81,1999 - 2013,Octavio Dotel,0
554,durbich01,43,47,456,75,3,5,2509,898,467,123,365,577,4.155,26.0,35,44.0,0,3725.0,82,512,17.0,37.0,78.0,14,0.0,0,-0.5799999999999998,1999 - 2013,Chad Durbin,0
555,farnsky01,43,66,893,26,1,57,2966,944,468,132,412,963,5.28,37.0,43,28.0,10,4281.0,293,509,39.0,31.0,45.0,16,0.0,0,6.24,1999 - 2014,Kyle Farnsworth,0
556,garcifr02,156,108,376,357,12,0,6792,2243,1045,285,708,1621,4.373,42.0,95,67.0,9,9595.0,13,1101,59.0,62.0,190.0,15,0.0,0,0.0,1999 - 2013,Freddy Garcia,2
557,hudsoti01,222,133,482,479,26,0,9380,2957,1213,248,917,2080,4.3050000000000015,84.0,84,124.0,6,13005.0,0,1319,113.0,64.0,335.0,17,0.0,0,56.55,1999 - 2015,Tim Hudson,2
558,lillyte01,130,113,356,331,5,0,5948,1827,913,293,661,1681,4.153,35.0,58,63.0,29,8390.0,5,974,68.0,47.0,105.0,15,0.0,0,29.17,1999 - 2013,Ted Lilly,2
559,motagu01,39,45,743,0,0,10,2570,762,375,90,331,696,3.836,50.0,32,24.0,4,3604.0,212,396,28.0,31.0,51.0,14,0.0,0,5.62,1999 - 2012,Guillermo Mota,0
560,nathajo01,64,34,787,29,0,377,2770,690,294,84,344,976,3.172,31.0,47,23.0,2,3771.0,587,317,25.0,24.0,49.0,16,0.0,0,26.37,1999 - 2016,Joe Nathan,0
561,padilvi01,108,91,386,237,4,6,4714,1612,754,181,551,1121,4.47,45.0,37,109.0,12,6808.0,37,823,63.0,39.0,167.0,14,0.0,0,11.98,1999 - 2012,Vicente Padilla,2
562,romerjc01,34,28,680,22,0,7,1984,624,306,59,375,526,4.567,47.0,35,40.0,6,2943.0,128,335,30.0,13.0,73.0,14,0.0,0,0.0,1999 - 2012,J. C. Romero,0
563,wheelda01,25,43,589,9,0,43,1922,589,283,89,194,555,3.849,32.0,20,13.0,2,2680.0,187,298,20.0,23.0,42.0,13,0.0,0,7.779999999999999,1999 - 2012,Dan Wheeler,0
564,wolfra02,133,125,390,379,13,1,6985,2310,1097,296,831,1814,4.872,39.0,44,103.0,3,9977.0,3,1173,113.0,61.0,198.0,16,0.0,0,19.54,1999 - 2015,Randy Wolf,2
565,buehrma01,214,160,518,493,33,0,9850,3472,1391,361,734,1870,4.375,49.0,27,79.0,16,13705.0,6,1542,108.0,91.0,362.0,16,0.0,0,60.01,2000 - 2015,Mark Buehrle,2
566,choatra01,16,14,672,0,0,7,1224,350,177,20,175,348,4.696,32.0,16,45.0,1,1750.0,102,198,11.0,14.0,51.0,15,0.0,0,4.48,2000 - 2015,Randy Choate,0
567,downssc01,38,40,619,50,1,27,2254,729,297,67,279,575,4.278,34.0,26,28.0,2,3213.0,113,333,20.0,16.0,80.0,13,0.0,0,11.23,2000 - 2014,Scott Downs,0
568,garlajo01,136,125,365,342,11,1,6454,2260,1045,263,723,1156,3.857,39.0,50,63.0,1,9197.0,9,1149,70.0,72.0,250.0,13,0.0,0,22.42,2000 - 2013,Jon Garland,2
569,marquja01,124,118,377,318,8,1,5905,2079,1008,253,769,1174,4.864,41.0,56,88.0,9,8623.0,26,1114,94.0,61.0,216.0,15,0.0,0,4.3,2000 - 2015,Jason Marquis,2
570,pennybr01,121,101,349,319,4,0,5775,2030,917,194,619,1273,4.345,38.0,54,53.0,6,8218.0,10,990,78.0,47.0,218.0,14,0.0,0,18.8,2000 - 2014,Brad Penny,2
571,westbja01,105,103,315,273,15,0,5243,1885,839,148,571,965,4.08,37.0,41,68.0,1,7517.0,11,922,61.0,48.0,239.0,13,0.0,0,12.82,2000 - 2013,Jake Westbrook,2
572,zitoba01,165,143,433,421,12,0,7730,2381,1157,282,1064,1885,3.841,52.0,50,97.0,8,11001.0,9,1254,105.0,73.0,219.0,15,0.0,0,33.05,2000 - 2015,Barry Zito,2
573,beckejo02,138,106,335,332,12,0,6153,1897,884,238,629,1901,3.639,28.0,59,76.0,3,8579.0,1,957,66.0,41.0,139.0,14,0.0,0,35.29,2001 - 2014,Josh Beckett,2
574,beimejo01,29,34,676,23,0,5,2040,719,307,66,272,379,4.254,52.0,26,22.0,7,2957.0,129,331,35.0,29.0,78.0,13,0.0,0,6.72,2001 - 2015,Joe Beimel,0
575,lohseky01,147,143,457,418,12,2,7595,2711,1239,316,694,1615,5.090999999999999,34.0,57,87.0,4,10839.0,15,1327,99.0,78.0,191.0,16,0.0,0,19.43,2001 - 2016,Kyle Lohse,2
576,oswalro01,163,102,365,341,20,0,6736,2199,838,197,520,1852,3.669000000000001,34.0,30,80.0,7,9301.0,7,897,105.0,57.0,201.0,13,0.0,0,49.91,2001 - 2013,Roy Oswalt,2
577,affelje01,43,46,774,42,0,28,2778,904,408,76,396,720,3.8210000000000006,41.0,55,42.0,9,4034.0,162,455,42.0,25.0,102.0,14,0.0,0,9.69,2002 - 2015,Jeremy Affeldt,0
578,haranaa01,128,143,387,381,15,0,6966,2445,1099,298,712,1842,4.367000000000001,54.0,76,63.0,3,9975.0,2,1177,112.0,67.0,160.0,14,0.0,0,23.81,2002 - 2015,Aaron Harang,2
579,leecl02,143,91,328,324,29,0,6470,2116,843,223,464,1824,3.763,12.0,41,50.0,2,8917.0,1,923,53.0,54.0,166.0,13,0.0,0,42.52,2002 - 2014,Cliff Lee,2
580,peavyja01,152,126,388,377,15,0,7131,2134,960,259,708,2207,4.276999999999999,42.0,46,78.0,14,9838.0,3,1011,63.0,62.0,166.0,15,0.0,0,37.21,2002 - 2016,Jake Peavy,2
581,soriara01,24,28,591,8,0,207,1909,489,204,62,197,641,3.221,20.0,13,15.0,0,2571.0,343,213,8.0,9.0,38.0,14,0.0,0,13.85,2002 - 2015,Rafael Soriano,0
582,correke01,76,98,358,221,2,0,4286,1569,734,179,474,906,4.041,30.0,32,39.0,4,6227.0,31,789,63.0,47.0,117.0,13,0.0,0,4.24,2003 - 2015,Kevin Correia,2
583,greggke01,30,46,594,8,0,177,2161,673,339,78,329,661,3.258,21.0,52,29.0,1,3144.0,382,365,21.0,19.0,51.0,13,0.0,0,4.65,2003 - 2015,Kevin Gregg,0
584,harenda01,153,131,391,380,16,1,7259,2357,1009,305,500,2013,3.837999999999999,39.0,98,67.0,5,10022.0,4,1105,78.0,63.0,152.0,13,0.0,0,32.9,2003 - 2015,Dan Haren,2
585,lopezja02,30,17,839,0,0,14,1600,484,206,26,235,358,4.244000000000001,38.0,16,27.0,3,2273.0,163,227,19.0,10.0,75.0,14,0.0,0,8.06,2003 - 2016,Javier Lopez,0
586,floydga01,74,76,243,196,5,0,3750,1239,607,160,415,985,3.38,25.0,64,66.0,3,5344.0,17,664,32.0,36.0,132.0,13,0.0,0,16.37,2004 - 2016,Gavin Floyd,2
587,thornma01,36,46,748,1,0,23,1988,594,251,52,251,642,3.717000000000001,37.0,28,20.0,0,2799.0,170,273,19.0,18.0,61.0,13,0.0,0,13.46,2004 - 2016,Matt Thornton,0
