,playerID,W,L,G,GS,CG,SV,IPouts,H,ER,HR,BB,SO,BAOpp,IBB,WP,HBP,BK,BFP,GF,R,SH,SF,GIDP,Years_Played,HoF,votedBy,WAR,TimeFrame,Name,cluster,num_of_20_wins,IP,ERA
227,mcdowsa01,141,134,425,346,103,14,7477,1948,879,164,1312,2453,3.468,74.0,140,59.0,7,10587.0,39,999,0.0,0.0,0.0,15,0.0,0,43.13999999999999,1961 - 1975,Sam McDowell,2,1.0,2492.3333333333335,3.174134010966965
236,vealebo01,120,95,397,255,78,21,5778,1684,658,91,858,1703,3.3170000000000006,62.0,92,29.0,9,8163.0,63,755,0.0,0.0,0.0,13,0.0,0,24.65,1962 - 1974,Bob Veale,2,0.0,1926.0,3.074766355140187
264,ryanno01,324,292,807,773,222,3,16158,3923,1911,321,2795,5714,5.637000000000001,78.0,277,158.0,33,22575.0,13,2178,0.0,0.0,0.0,27,1.0,BBWAA,83.6,1966 - 1993,Nolan Ryan,2,2.0,5386.0,3.1932788711474194
308,burrira01,108,134,480,302,47,4,6566,2310,1015,221,764,1065,4.764,76.0,69,54.0,14,9441.0,65,1133,110.0,72.0,161.0,15,0.0,0,15.12,1973 - 1987,Ray Burris,2,0.0,2188.6666666666665,4.173773987206824
310,rogerst01,158,152,399,393,129,2,8513,2619,1001,151,876,1621,3.274,75.0,87,43.0,8,11702.0,3,1122,153.0,70.0,246.0,13,0.0,0,45.09,1973 - 1985,Steve Rogers,2,0.0,2837.6666666666665,3.174791495360038
311,ruthvdi01,123,127,355,332,61,1,6327,2155,970,165,767,1145,4.340000000000001,72.0,53,38.0,22,9047.0,12,1075,92.0,71.0,190.0,14,0.0,0,17.349999999999998,1973 - 1986,Dick Ruthven,2,0.0,2109.0,4.139402560455192
312,tananfr01,240,236,638,616,143,1,12565,4063,1704,448,1255,2773,5.8290000000000015,116.0,119,129.0,27,17641.0,10,1910,165.0,117.0,309.0,21,0.0,0,57.1,1973 - 1993,Frank Tanana,2,0.0,4188.333333333333,3.6615996816553924
313,zahnge01,111,109,304,270,79,1,5547,1978,769,149,526,705,3.813,28.0,32,19.0,4,7798.0,13,889,81.0,56.0,249.0,13,0.0,0,20.47,1973 - 1985,Geoff Zahn,2,0.0,1849.0,3.7431043807463493
314,dennyjo01,123,108,325,322,62,0,6446,2093,856,137,778,1146,3.596000000000001,49.0,68,54.0,12,9077.0,0,967,82.0,46.0,250.0,13,0.0,0,31.1,1974 - 1986,John Denny,2,0.0,2148.6666666666665,3.585479367049333
316,forscbo01,168,136,498,422,67,3,8384,2777,1169,216,832,1133,4.557,84.0,93,45.0,18,11715.0,19,1319,106.0,101.0,270.0,16,0.0,0,18.87,1974 - 1989,Bob Forsch,2,1.0,2794.6666666666665,3.7646708015267176
320,montejo01,90,83,298,244,32,5,4957,1604,650,135,513,1081,3.686,57.0,29,29.0,10,6983.0,17,728,83.0,59.0,94.0,13,0.0,0,21.54,1974 - 1986,John Montefusco,2,0.0,1652.3333333333333,3.5404478515230986
321,rhoderi01,151,125,413,380,69,1,7781,2606,1036,198,801,1419,4.137,62.0,80,39.0,31,10900.0,14,1143,105.0,66.0,223.0,16,0.0,0,30.1,1974 - 1989,Rick Rhoden,2,0.0,2593.6666666666665,3.5949106798612007
322,ruhleve01,67,88,327,188,29,11,4234,1483,585,119,348,582,3.483,37.0,15,35.0,5,5964.0,45,675,61.0,37.0,127.0,13,0.0,0,11.96,1974 - 1986,Vern Ruhle,2,0.0,1411.3333333333333,3.7305148795465284
325,candejo01,177,122,600,356,54,29,7577,2399,935,245,592,1673,6.018999999999999,63.0,28,37.0,26,10366.0,82,1038,105.0,93.0,182.0,19,0.0,0,39.91,1975 - 1993,John Candelaria,2,1.0,2525.6666666666665,3.3317935858519205
327,flanami01,167,143,526,404,101,4,8310,2806,1199,251,890,1491,5.135,41.0,84,41.0,12,11684.0,49,1301,110.0,76.0,301.0,18,0.0,0,25.53,1975 - 1992,Mike Flanagan,2,1.0,2770.0,3.895667870036101
328,guidrro01,170,91,368,323,95,4,7176,2198,874,226,633,1778,3.485,24.0,56,13.0,8,9794.0,23,953,70.0,65.0,172.0,14,0.0,0,47.85,1975 - 1988,Ron Guidry,2,3.0,2392.0,3.2884615384615383
333,andujjo01,127,118,405,305,68,9,6459,2016,857,155,731,1032,3.5880000000000005,65.0,33,51.0,33,9008.0,37,955,97.0,55.0,168.0,13,0.0,0,16.71,1976 - 1988,Joaquin Andujar,2,2.0,2153.0,3.582443102647469
335,kneppbo01,146,155,445,413,78,1,8124,2737,1106,228,857,1473,4.287,78.0,60,47.0,13,11488.0,10,1258,134.0,73.0,262.0,15,0.0,0,20.94,1976 - 1990,Bob Knepper,2,0.0,2708.0,3.6757754800590843
336,krukomi01,124,117,369,355,41,1,6572,2188,949,196,767,1478,3.694,84.0,71,47.0,22,9393.0,4,1069,100.0,69.0,147.0,14,0.0,0,21.35,1976 - 1989,Mike Krukow,2,1.0,2190.6666666666665,3.8988131466828975
337,martide01,245,193,692,562,122,8,11999,3897,1643,372,1165,2149,6.353,71.0,83,122.0,30,16754.0,51,1835,120.0,109.0,332.0,23,0.0,0,49.26,1976 - 1998,Dennis Martinez,2,0.0,3999.6666666666665,3.6970580881740145
338,mcgresc01,138,108,356,309,83,5,6422,2245,949,235,518,904,3.667,26.0,28,26.0,12,8982.0,24,1031,76.0,75.0,185.0,13,0.0,0,20.21,1976 - 1988,Scott McGregor,2,1.0,2140.6666666666665,3.9898785425101218
339,sutclri01,171,139,457,392,72,6,8093,2662,1223,236,1081,1679,4.932,75.0,100,46.0,38,11548.0,30,1324,110.0,89.0,185.0,18,0.0,0,31.18,1976 - 1994,Rick Sutcliffe,2,0.0,2697.6666666666665,4.0801927591745955
341,bannifl01,134,143,431,363,62,0,7164,2320,1078,291,846,1723,3.882,39.0,84,40.0,9,10187.0,13,1189,79.0,61.0,171.0,15,0.0,0,26.43,1977 - 1992,Floyd Bannister,2,0.0,2388.0,4.062814070351759
342,clancji01,140,167,472,381,74,10,7552,2513,1182,244,947,1422,4.1850000000000005,45.0,101,32.0,4,10772.0,38,1304,70.0,84.0,212.0,15,0.0,0,20.74,1977 - 1991,Jim Clancy,2,0.0,2517.3333333333335,4.225900423728813
344,honeyri01,109,143,797,268,47,38,6480,2183,893,185,657,1038,6.631000000000001,81.0,45,50.0,23,9141.0,118,1034,99.0,73.0,235.0,21,0.0,0,21.25,1977 - 1997,Rick Honeycutt,2,0.0,2160.0,3.720833333333333
345,lampde01,96,96,639,163,21,35,5492,1975,799,122,549,857,4.515,86.0,44,35.0,14,7823.0,173,915,95.0,40.0,215.0,16,0.0,0,15.95,1977 - 1992,Dennis Lamp,2,0.0,1830.6666666666667,3.928077203204661
346,morrija02,254,186,549,527,175,0,11472,3567,1657,389,1390,2478,4.492,99.0,206,58.0,27,16120.0,10,1815,113.0,114.0,299.0,18,1.0,Veterans,43.61,1977 - 1994,Jack Morris,2,3.0,3824.0,3.8998430962343096
348,stanlbo01,115,97,637,85,21,132,5121,1858,690,113,471,693,3.657000000000001,87.0,22,41.0,2,7238.0,377,797,79.0,58.0,255.0,13,0.0,0,23.85,1977 - 1989,Bob Stanley,2,0.0,1707.0,3.637961335676626
349,whitsed01,126,123,452,333,35,8,6720,2240,944,211,698,1266,4.4510000000000005,54.0,32,29.0,14,9479.0,48,1045,101.0,78.0,160.0,15,0.0,0,22.66,1977 - 1991,Ed Whitson,2,0.0,2240.0,3.7928571428571427
351,darwida01,171,182,716,371,53,32,9050,2951,1286,321,874,1942,6.55,101.0,52,81.0,17,12716.0,171,1431,124.0,111.0,194.0,21,0.0,0,40.28,1978 - 1998,Danny Darwin,2,0.0,3016.6666666666665,3.836685082872928
352,lacosmi01,98,103,415,243,26,12,5219,1786,777,99,725,783,3.856,86.0,55,29.0,23,7496.0,61,885,91.0,48.0,210.0,14,0.0,0,1.16,1978 - 1991,Mike LaCoss,2,0.0,1739.6666666666667,4.019735581529028
353,mcwilla01,78,90,370,224,34,3,4675,1548,690,137,542,940,4.003,58.0,52,52.0,15,6702.0,44,768,98.0,31.0,109.0,13,0.0,0,11.75,1978 - 1990,Larry McWilliams,2,0.0,1558.3333333333333,3.9850267379679147
355,morgami01,141,186,597,411,46,8,8317,2943,1303,270,938,1403,7.217,77.0,105,73.0,5,11872.0,56,1431,124.0,75.0,332.0,22,0.0,0,28.74,1978 - 2002,Mike Morgan,2,0.0,2772.3333333333335,4.230010821209571
357,sandesc01,163,143,472,407,43,5,7685,2590,1093,297,625,1611,5.407,51.0,39,43.0,22,10709.0,18,1209,94.0,94.0,150.0,19,0.0,0,29.36,1978 - 1996,Scott Sanderson,2,0.0,2561.6666666666665,3.8400780741704623
358,stewada01,168,129,523,348,55,19,7889,2499,1154,264,1034,1741,4.798,46.0,119,62.0,23,11251.0,87,1259,93.0,94.0,172.0,16,0.0,0,26.09,1978 - 1995,Dave Stewart,2,4.0,2629.6666666666665,3.949550006337939
359,welchbo01,211,146,506,462,61,8,9276,2894,1191,267,1034,1969,4.266,60.0,55,79.0,45,12956.0,20,1310,122.0,83.0,209.0,17,0.0,0,43.41,1978 - 1994,Bob Welch,2,1.0,3092.0,3.4666882276843465
360,gullibi01,162,136,398,390,54,0,7680,2659,1118,282,622,1279,4.257,82.0,56,34.0,8,10744.0,3,1228,95.0,85.0,162.0,14,0.0,0,23.63,1979 - 1994,Bill Gullickson,2,1.0,2560.0,3.93046875
361,leibrch01,140,119,394,346,52,2,6924,2390,952,172,656,1121,3.679,44.0,63,37.0,31,9774.0,17,1068,110.0,60.0,180.0,14,0.0,0,34.04,1979 - 1993,Charlie Leibrandt,2,0.0,2308.0,3.712305025996534
362,mahleri01,96,111,392,271,43,6,5854,2069,866,165,606,952,3.769,70.0,41,35.0,23,8306.0,32,972,100.0,50.0,185.0,13,0.0,0,19.57,1979 - 1991,Rick Mahler,2,0.0,1951.3333333333333,3.994192005466348
364,petryda01,125,104,370,300,52,1,6241,1984,912,218,852,1063,3.898,74.0,77,47.0,7,8860.0,22,1025,67.0,57.0,213.0,13,0.0,0,17.08,1979 - 1991,Dan Petry,2,0.0,2080.3333333333335,3.945521551033488
367,scottmi03,124,108,347,319,45,3,6206,1858,813,173,627,1469,3.4210000000000003,53.0,39,33.0,19,8571.0,13,908,100.0,65.0,122.0,13,0.0,0,24.04,1979 - 1991,Mike Scott,2,1.0,2068.6666666666665,3.5370609087979377
368,stiebda01,176,137,443,412,103,3,8686,2572,1106,225,1034,1669,3.957,36.0,51,129.0,14,12072.0,14,1225,98.0,70.0,235.0,16,0.0,0,56.51,1979 - 1998,Dave Stieb,2,0.0,2895.3333333333335,3.4379461201934145
369,boddimi01,134,116,342,309,63,3,6371,2082,897,188,721,1330,3.886,39.0,60,87.0,8,8999.0,15,992,54.0,50.0,194.0,14,0.0,0,31.33,1980 - 1993,Mike Boddicker,2,1.0,2123.6666666666665,3.8014440433213
372,hurstbr01,145,113,379,359,83,0,7252,2463,1052,258,740,1689,4.432,42.0,56,28.0,19,10204.0,5,1143,87.0,55.0,195.0,15,0.0,0,34.53,1980 - 1994,Bruce Hurst,2,0.0,2417.3333333333335,3.916712630998345
373,ojedabo01,115,98,351,291,41,1,5653,1833,764,145,676,1128,4.316000000000001,48.0,30,24.0,19,7977.0,26,856,85.0,62.0,151.0,15,0.0,0,24.38,1980 - 1994,Bob Ojeda,2,0.0,1884.3333333333333,3.649035910136211
376,valenfe01,173,153,453,424,113,2,8790,2718,1154,226,1151,2074,4.643,65.0,119,25.0,11,12398.0,10,1303,182.0,69.0,209.0,17,0.0,0,37.36,1980 - 1997,Fernando Valenzuela,2,1.0,2930.0,3.5447098976109217
377,walkbo01,105,81,350,259,16,5,4998,1671,746,143,606,848,3.743,36.0,80,40.0,33,7127.0,24,829,74.0,42.0,137.0,14,0.0,0,5.59,1980 - 1993,Bob Walk,2,0.0,1666.0,4.030012004801921
380,blackbu02,121,116,398,296,32,11,6160,1978,876,217,623,1039,4.555,49.0,65,49.0,43,8627.0,42,982,78.0,55.0,160.0,15,0.0,0,21.1,1981 - 1995,Buddy Black,2,0.0,2053.3333333333335,3.8396103896103893
382,learyti01,78,105,292,224,25,1,4474,1570,723,147,535,888,3.933,45.0,87,52.0,13,6437.0,28,792,53.0,42.0,146.0,13,0.0,0,10.47,1981 - 1994,Tim Leary,2,0.0,1491.3333333333333,4.363209655789003
386,smithbr01,108,94,365,255,23,6,5374,1725,702,140,432,1028,3.421,43.0,33,48.0,16,7434.0,39,808,87.0,47.0,146.0,13,0.0,0,16.48,1981 - 1993,Bryn Smith,2,0.0,1791.3333333333333,3.5269817640491254
387,davisst02,113,96,442,239,30,11,5342,1792,796,136,687,1048,3.868,59.0,81,20.0,10,7623.0,85,866,50.0,57.0,172.0,13,0.0,0,17.330000000000002,1982 - 1994,Storm Davis,2,0.0,1780.6666666666667,4.023212280044927
391,mooremi01,161,176,450,440,79,2,8495,2858,1381,291,1156,1667,3.719,61.0,135,55.0,11,12203.0,6,1516,71.0,84.0,261.0,14,0.0,0,27.92,1982 - 1995,Mike Moore,2,0.0,2831.6666666666665,4.389287816362566
393,violafr01,176,150,421,420,74,0,8509,2827,1175,294,864,1844,4.345,39.0,86,48.0,12,11933.0,0,1303,88.0,63.0,215.0,15,0.0,0,47.13,1982 - 1996,Frank Viola,2,2.0,2836.3333333333335,3.7284052180044656
394,candito01,151,164,451,410,68,0,8175,2662,1130,250,883,1735,4.707999999999999,31.0,120,85.0,27,11568.0,11,1299,108.0,91.0,221.0,16,0.0,0,42.31,1983 - 1999,Tom Candiotti,2,0.0,2725.0,3.7321100917431194
395,darliro01,136,116,382,364,37,0,7081,2244,1016,239,906,1590,3.881,40.0,97,59.0,24,10032.0,5,1139,95.0,73.0,166.0,13,0.0,0,18.84,1983 - 1995,Ron Darling,2,0.0,2360.3333333333335,3.874029091936167
396,deleojo01,86,119,415,264,21,6,5692,1556,793,153,841,1594,3.815,50.0,60,62.0,8,7985.0,36,877,77.0,63.0,96.0,13,0.0,0,17.45,1983 - 1995,Jose DeLeon,2,0.0,1897.3333333333333,3.7615952213633173
397,fernasi01,114,96,307,300,25,1,5600,1421,696,191,715,1743,3.519,33.0,22,41.0,19,7668.0,2,749,62.0,57.0,73.0,15,0.0,0,31.41,1983 - 1997,Sid Fernandez,2,0.0,1866.6666666666667,3.3557142857142854
398,grosske01,142,158,474,368,42,5,7463,2519,1137,230,986,1727,4.026,76.0,53,79.0,35,10791.0,38,1245,104.0,70.0,158.0,15,0.0,0,25.75,1983 - 1997,Kevin Gross,2,0.0,2487.6666666666665,4.113493233284203
399,hershor01,204,150,510,466,68,5,9391,2939,1211,235,1007,2014,4.627000000000001,108.0,121,117.0,23,13150.0,19,1366,124.0,73.0,314.0,18,0.0,0,51.35,1983 - 2000,Orel Hershiser,2,1.0,3130.3333333333335,3.4817378340964753
400,jacksda02,112,131,353,324,44,1,6218,2110,923,133,816,1225,4.77,39.0,47,50.0,12,8986.0,11,1061,117.0,68.0,208.0,15,0.0,0,17.95,1983 - 1997,Danny Jackson,2,1.0,2072.6666666666665,4.0078803473785785
401,kruegbi01,68,66,301,164,9,4,3583,1305,577,104,493,639,5.138,32.0,70,24.0,10,5257.0,34,685,33.0,48.0,125.0,13,0.0,0,2.7700000000000005,1983 - 1995,Bill Krueger,2,0.0,1194.3333333333333,4.348032375104661
403,bielemi01,70,73,347,178,7,5,3693,1236,572,116,496,783,3.964,45.0,51,19.0,15,5329.0,48,633,62.0,38.0,83.0,14,0.0,0,7.56,1984 - 1997,Mike Bielecki,2,0.0,1231.0,4.181965881397238
404,clemero02,354,184,709,707,118,0,14750,4185,1707,363,1580,4672,5.540000000000002,63.0,143,159.0,20,20240.0,0,1885,119.0,103.0,329.0,24,0.0,0,138.67000000000002,1984 - 2007,Roger Clemens,2,6.0,4916.666666666667,3.124677966101695
406,goodedw01,194,112,430,410,68,3,8402,2564,1091,210,954,2293,4.643,42.0,76,78.0,33,11705.0,4,1198,84.0,68.0,197.0,16,0.0,0,48.16,1984 - 2000,Dwight Gooden,2,1.0,2800.6666666666665,3.5059509640561775
407,gubicma01,132,136,384,329,42,2,6670,2239,978,155,786,1371,3.961,39.0,107,58.0,11,9487.0,14,1063,65.0,82.0,214.0,14,0.0,0,37.38,1984 - 1997,Mark Gubicza,2,1.0,2223.3333333333335,3.958920539730135
408,keyji01,186,117,470,389,34,10,7775,2518,1010,254,668,1538,3.93,29.0,50,38.0,12,10719.0,28,1104,88.0,69.0,234.0,15,0.0,0,49.0,1984 - 1998,Jimmy Key,2,0.0,2591.6666666666665,3.5073954983922833
409,langsma01,179,158,457,428,81,0,8888,2723,1306,311,1289,2464,4.316000000000001,34.0,89,46.0,22,12562.0,3,1438,89.0,81.0,248.0,16,0.0,0,49.95,1984 - 1999,Mark Langston,2,0.0,2962.6666666666665,3.9673717371737176
410,rijojo01,116,91,376,269,22,3,5640,1710,676,147,663,1606,3.54,34.0,30,28.0,28,7867.0,43,772,81.0,45.0,119.0,14,0.0,0,34.95,1984 - 2002,Jose Rijo,2,0.0,1880.0,3.2361702127659573
411,saberbr01,167,117,399,371,76,1,7688,2452,952,218,471,1715,4.420999999999999,34.0,53,59.0,12,10421.0,13,1036,89.0,68.0,167.0,16,0.0,0,58.93,1984 - 2001,Bret Saberhagen,2,2.0,2562.6666666666665,3.3433922996878254
412,smithza01,100,115,360,291,35,3,5758,1980,798,122,583,1011,3.9850000000000008,55.0,28,31.0,5,8077.0,16,933,110.0,42.0,263.0,13,0.0,0,20.74,1984 - 1996,Zane Smith,2,0.0,1919.3333333333333,3.741924279263633
416,portuma01,109,95,346,283,16,5,5479,1813,817,209,607,1134,4.262,27.0,57,36.0,7,7726.0,24,896,78.0,46.0,159.0,15,0.0,0,15.91,1985 - 1999,Mark Portugal,2,0.0,1826.3333333333333,4.026099653221391
417,swiftbi02,94,78,403,220,11,27,4799,1688,702,116,507,767,3.621,42.0,38,53.0,16,6817.0,67,801,55.0,30.0,235.0,13,0.0,0,18.92,1985 - 1998,Bill Swift,2,1.0,1599.6666666666667,3.949572827672432
419,brownke01,211,144,486,476,72,0,9769,3079,1185,208,901,2397,4.953,42.0,108,139.0,15,13542.0,1,1357,95.0,64.0,330.0,19,0.0,0,68.21,1986 - 2005,Kevin Brown,2,1.0,3256.3333333333335,3.275156106049749
420,coneda01,194,126,450,419,56,1,8696,2504,1115,258,1137,2668,4.507000000000001,42.0,149,106.0,32,12184.0,9,1222,76.0,82.0,138.0,17,0.0,0,61.58,1986 - 2003,David Cone,2,2.0,2898.6666666666665,3.461936522539099
421,drabedo01,155,134,398,387,53,0,7605,2448,1052,246,704,1594,3.345,56.0,80,53.0,6,10518.0,4,1141,97.0,69.0,177.0,13,0.0,0,27.57,1986 - 1998,Doug Drabek,2,1.0,2535.0,3.7349112426035505
422,finlech01,200,173,524,467,63,0,9592,3069,1366,304,1332,2610,4.598000000000001,36.0,130,76.0,22,13638.0,24,1517,104.0,85.0,305.0,17,0.0,0,58.32,1986 - 2002,Chuck Finley,2,0.0,3197.3333333333335,3.8450792326939114
424,maddugr01,355,227,744,740,109,0,15025,4726,1756,353,999,3371,6.382000000000001,177.0,70,137.0,28,20421.0,3,1981,274.0,119.0,422.0,23,1.0,BBWAA,104.78,1986 - 2008,Greg Maddux,2,2.0,5008.333333333333,3.1555407653910152
426,moyerja01,269,209,696,638,33,0,12222,4231,1926,522,1155,2441,7.350000000000002,69.0,57,146.0,12,17356.0,15,2076,146.0,106.0,332.0,25,0.0,0,49.95,1986 - 2012,Jamie Moyer,2,2.0,4074.0,4.254786450662739
427,mulhote01,124,142,685,332,46,5,7727,2833,1262,293,681,1325,7.6190000000000015,65.0,64,70.0,3,11060.0,128,1396,133.0,84.0,267.0,20,0.0,0,12.91,1986 - 2006,Terry Mulholland,2,0.0,2575.6666666666665,4.409732108192054
430,swindgr01,123,122,664,269,40,7,6700,2313,957,262,501,1542,5.121,34.0,30,21.0,12,9301.0,93,1053,94.0,65.0,137.0,17,0.0,0,30.18,1986 - 2002,Greg Swindell,2,0.0,2233.3333333333335,3.856567164179104
431,tewksbo01,110,102,302,277,31,1,5421,2043,787,142,292,812,4.25,22.0,24,41.0,7,7623.0,8,884,94.0,74.0,171.0,13,0.0,0,21.25,1986 - 1998,Bob Tewksbury,2,0.0,1807.0,3.9197565024903156
432,wittbo01,142,157,430,397,47,0,7395,2493,1324,252,1375,1955,5.170000000000001,37.0,128,39.0,26,11003.0,13,1449,78.0,97.0,216.0,16,0.0,0,14.67,1986 - 2001,Bobby Witt,2,0.0,2465.0,4.834077079107505
433,belchti01,146,140,394,373,42,5,7328,2423,1130,264,860,1519,3.884,43.0,73,58.0,10,10422.0,13,1253,82.0,73.0,180.0,14,0.0,0,26.73,1987 - 2000,Tim Belcher,2,0.0,2442.6666666666665,4.163482532751092
434,burkejo03,166,136,445,423,21,1,7945,2866,1268,257,700,1766,4.475,59.0,33,90.0,8,11324.0,8,1374,107.0,69.0,224.0,15,0.0,0,21.78,1987 - 2003,John Burkett,2,1.0,2648.3333333333335,4.309125235997483
435,glavito02,305,203,682,682,56,0,13240,4298,1734,356,1500,2607,5.715,145.0,65,66.0,7,18604.0,0,1900,228.0,113.0,420.0,22,1.0,BBWAA,73.92999999999999,1987 - 2008,Tom Glavine,2,5.0,4413.333333333333,3.536102719033233
436,leiteal01,162,132,419,382,16,2,7173,2152,1010,198,1163,1974,5.18,53.0,63,117.0,20,10334.0,9,1101,109.0,62.0,210.0,19,0.0,0,42.51,1987 - 2005,Al Leiter,2,0.0,2391.0,3.8017565872020076
439,wellsda01,239,157,660,489,54,13,10317,3635,1578,407,719,2201,6.587000000000001,65.0,101,83.0,17,14413.0,65,1702,106.0,84.0,266.0,21,0.0,0,53.61,1987 - 2007,David Wells,2,1.0,3439.0,4.129688863041582
444,harnipe01,111,103,321,318,24,0,5877,1822,846,223,716,1368,3.851,38.0,50,49.0,12,8332.0,1,926,74.0,63.0,106.0,14,0.0,0,19.02,1988 - 2001,Pete Harnisch,2,0.0,1959.0,3.886676875957121
445,hillke01,117,109,332,315,19,0,5919,1938,891,162,852,1181,4.772,43.0,78,47.0,13,8520.0,4,977,90.0,71.0,168.0,14,0.0,0,22.64,1988 - 2001,Ken Hill,2,0.0,1973.0,4.064368981246832
446,johnsra05,303,166,618,603,100,2,12406,3346,1513,411,1497,4875,5.404,37.0,109,190.0,33,17067.0,7,1703,131.0,89.0,251.0,22,1.0,BBWAA,103.52,1988 - 2009,Randy Johnson,2,3.0,4135.333333333333,3.292842173142028
447,martira02,135,88,301,297,37,0,5687,1691,772,170,795,1427,3.31,41.0,33,66.0,7,8075.0,1,880,76.0,50.0,116.0,14,0.0,0,25.89,1988 - 2001,Ramon Martinez,2,1.0,1895.6666666666667,3.6652013363812204
449,reedri01,93,76,273,245,14,1,4637,1601,692,213,285,970,4.902000000000001,28.0,11,44.0,5,6407.0,6,748,44.0,37.0,107.0,15,0.0,0,20.14,1988 - 2003,Rick Reed,2,0.0,1545.6666666666667,4.029329307742074
450,schilcu01,216,146,569,436,83,22,9783,2998,1253,347,711,3116,5.324000000000001,43.0,72,52.0,8,13284.0,81,1318,123.0,76.0,193.0,20,0.0,0,80.51,1988 - 2007,Curt Schilling,2,3.0,3261.0,3.4581416743330267
451,smoltjo01,213,155,723,481,53,154,10419,3074,1284,288,1010,3084,5.295,84.0,145,57.0,16,14271.0,204,1391,139.0,87.0,244.0,21,1.0,BBWAA,66.4,1988 - 2009,John Smoltz,2,1.0,3473.0,3.3273826662827526
452,stottto01,138,121,372,339,25,1,6575,2200,1042,246,816,1587,4.013999999999999,49.0,64,83.0,10,9441.0,12,1130,61.0,78.0,138.0,14,0.0,0,20.96,1988 - 2002,Todd Stottlemyre,2,0.0,2191.6666666666665,4.27893536121673
453,alvarwi01,102,92,355,263,12,4,5243,1624,769,190,805,1330,4.507,29.0,28,50.0,4,7518.0,18,857,67.0,43.0,161.0,14,0.0,0,24.99,1989 - 2005,Wilson Alvarez,2,0.0,1747.6666666666667,3.9601373259584207
454,appieke01,169,137,414,402,34,0,7786,2425,1078,232,933,1994,4.787,51.0,106,79.0,7,10958.0,2,1168,67.0,72.0,207.0,16,0.0,0,54.89,1989 - 2004,Kevin Appier,2,0.0,2595.3333333333335,3.7382481376830206
455,benesan01,155,139,403,387,21,1,7516,2377,1106,289,909,2000,3.759,52.0,63,55.0,16,10645.0,6,1206,102.0,74.0,144.0,14,0.0,0,31.23,1989 - 2002,Andy Benes,2,0.0,2505.3333333333335,3.9731240021287917
457,gardnma01,99,93,345,275,15,1,5294,1752,894,237,628,1256,3.397,37.0,29,65.0,13,7540.0,20,960,73.0,66.0,94.0,13,0.0,0,6.24,1989 - 2001,Mark Gardner,2,0.0,1764.6666666666667,4.559501322251605
462,rogerke01,219,156,762,474,36,28,9908,3457,1568,339,1175,1968,5.647,53.0,79,127.0,23,14280.0,133,1739,94.0,92.0,349.0,20,0.0,0,50.53,1989 - 2008,Kenny Rogers,2,0.0,3302.6666666666665,4.272910779168349
465,tapanke01,143,125,361,354,26,0,6795,2407,1094,260,554,1482,4.019,30.0,44,53.0,6,9600.0,1,1168,80.0,68.0,155.0,13,0.0,0,29.21,1989 - 2001,Kevin Tapani,2,0.0,2265.0,4.347019867549669
466,burbada01,115,87,511,234,6,3,5333,1777,886,201,762,1398,4.62,53.0,75,58.0,4,7749.0,71,961,51.0,55.0,130.0,15,0.0,0,16.23,1990 - 2004,Dave Burba,2,0.0,1777.6666666666667,4.485655353459591
467,ericksc01,142,136,389,364,51,0,7082,2586,1203,228,865,1252,4.9460000000000015,32.0,68,103.0,3,10284.0,10,1306,67.0,70.0,316.0,15,0.0,0,24.81,1990 - 2006,Scott Erickson,2,1.0,2360.6666666666665,4.586416266591359
468,hammoch01,66,62,441,136,5,3,3371,1163,517,105,387,712,3.888,32.0,31,31.0,9,4821.0,67,572,54.0,32.0,109.0,14,0.0,0,9.11,1990 - 2006,Chris Hammond,2,0.0,1123.6666666666667,4.140907742509641
470,nagych01,129,105,318,297,31,0,5864,2188,980,217,586,1242,4.159,37.0,45,51.0,4,8454.0,9,1061,49.0,55.0,201.0,14,0.0,0,24.81,1990 - 2003,Charles Nagy,2,0.0,1954.6666666666667,4.512278308321965
472,ashbyan01,98,110,309,285,21,1,5432,1857,829,205,540,1173,4.311999999999999,49.0,58,61.0,4,7692.0,10,922,99.0,51.0,170.0,14,0.0,0,21.53,1991 - 2004,Andy Ashby,2,0.0,1810.6666666666667,4.120581737849779
474,castifr01,82,104,297,268,10,2,4786,1660,809,190,506,1101,3.829,32.0,33,59.0,9,6871.0,9,878,71.0,46.0,79.0,13,0.0,0,9.4,1991 - 2005,Frank Castillo,2,0.0,1595.3333333333333,4.563936481404095
476,eldreca01,86,74,341,192,19,9,4104,1340,672,173,576,939,3.816,17.0,39,50.0,2,5930.0,45,716,40.0,43.0,103.0,14,0.0,0,16.22,1991 - 2005,Cal Eldred,2,0.0,1368.0,4.421052631578948
477,fasseje01,121,124,720,242,17,25,6101,2083,929,214,724,1643,4.843,50.0,86,37.0,8,8810.0,146,1042,108.0,62.0,144.0,16,0.0,0,25.18,1991 - 2006,Jeff Fassero,2,0.0,2033.6666666666667,4.111293230617932
478,hentgpa01,131,112,344,306,34,1,6226,2111,996,269,775,1290,3.6880000000000006,29.0,66,49.0,10,8925.0,15,1076,57.0,60.0,171.0,14,0.0,0,33.0,1991 - 2004,Pat Hentgen,2,1.0,2075.3333333333335,4.319306135560552
480,mussimi01,270,153,537,536,57,0,10688,3460,1458,376,785,2813,4.6,29.0,71,60.0,1,14593.0,0,1559,90.0,82.0,293.0,18,1.0,0,82.78,1991 - 2008,Mike Mussina,2,1.0,3562.6666666666665,3.6831961077844313
481,neaglde01,124,92,392,286,20,3,5671,1887,891,250,594,1415,4.008,44.0,47,53.0,6,8031.0,23,948,79.0,55.0,120.0,13,0.0,0,22.52,1991 - 2003,Denny Neagle,2,1.0,1890.3333333333333,4.242108975489332
486,astacpe01,129,124,392,343,31,0,6590,2292,1140,291,726,1664,4.957000000000001,54.0,59,111.0,18,9472.0,11,1213,96.0,69.0,201.0,15,0.0,0,28.28,1992 - 2006,Pedro Astacio,2,0.0,2196.6666666666665,4.670713201820941
487,batismi01,102,115,658,248,11,41,5869,2021,974,194,899,1250,5.816000000000001,58.0,102,79.0,6,8643.0,164,1089,88.0,74.0,205.0,18,0.0,0,14.48,1992 - 2012,Miguel Batista,2,0.0,1956.3333333333333,4.480831487476572
491,hitchst01,74,76,281,200,10,3,3857,1374,685,181,471,997,4.218999999999999,25.0,61,42.0,11,5635.0,27,738,43.0,48.0,93.0,13,0.0,0,9.47,1992 - 2004,Sterling Hitchcock,2,0.0,1285.6666666666667,4.795177599170339
492,martipe02,219,100,476,409,46,3,8482,2221,919,239,760,3154,3.978,30.0,62,141.0,6,11394.0,23,1006,74.0,63.0,148.0,18,1.0,BBWAA,86.08,1992 - 2009,Pedro Martinez,2,2.0,2827.3333333333335,2.925371374675784
496,reynosh01,114,96,305,278,20,0,5375,1935,814,191,419,1403,3.882,33.0,38,41.0,8,7610.0,5,895,85.0,39.0,151.0,13,0.0,0,18.04,1992 - 2004,Shane Reynolds,2,0.0,1791.6666666666667,4.088930232558139
498,wakefti01,200,180,627,463,33,22,9679,3152,1582,418,1205,2156,4.832000000000002,33.0,134,186.0,8,13939.0,78,1791,51.0,109.0,232.0,19,0.0,0,34.54,1992 - 2011,Tim Wakefield,2,0.0,3226.3333333333335,4.413059200330612
500,anderbr02,82,83,291,245,12,1,4641,1743,814,264,337,723,4.021,28.0,22,23.0,28,6532.0,11,906,49.0,60.0,154.0,13,0.0,0,10.86,1993 - 2005,Brian Anderson,2,0.0,1547.0,4.735617323852618
502,hamptmi01,148,115,419,355,21,1,6805,2370,1024,200,901,1387,4.422000000000001,49.0,75,49.0,13,9824.0,12,1157,107.0,69.0,289.0,16,0.0,0,20.69,1993 - 2010,Mike Hampton,2,1.0,2268.3333333333335,4.062894930198383
506,oliveda02,118,98,766,229,11,7,5747,2037,960,216,720,1259,5.772,45.0,60,96.0,15,8346.0,121,1045,74.0,65.0,199.0,20,0.0,0,21.15,1993 - 2013,Darren Oliver,2,0.0,1915.6666666666667,4.510179223942926
507,rueteki01,130,92,340,336,4,0,5754,2092,911,220,582,818,3.842000000000001,41.0,24,25.0,0,8210.0,1,1004,93.0,60.0,218.0,13,0.0,0,15.97,1993 - 2005,Kirk Rueter,2,0.0,1918.0,4.274765380604797
508,seleaa01,148,112,404,352,15,0,6459,2413,1102,225,798,1407,4.295999999999999,39.0,54,112.0,2,9534.0,15,1208,53.0,90.0,197.0,15,0.0,0,19.95,1993 - 2007,Aaron Sele,2,0.0,2153.0,4.606595448211798
510,trachst01,143,159,420,417,20,0,7503,2587,1219,348,943,1591,4.945,63.0,64,52.0,16,10799.0,1,1327,96.0,94.0,193.0,16,0.0,0,24.75,1993 - 2008,Steve Trachsel,2,0.0,2501.0,4.386645341863255
511,williwo02,132,116,424,330,10,0,6649,2217,1031,309,711,1480,4.067,40.0,58,72.0,6,9475.0,34,1096,89.0,64.0,134.0,15,0.0,0,27.6,1993 - 2007,Woody Williams,2,0.0,2216.3333333333335,4.186644608211761
514,liebejo01,131,124,401,327,25,2,6594,2388,1043,285,422,1553,3.95,52.0,30,49.0,13,9300.0,18,1158,93.0,76.0,164.0,14,0.0,0,25.5,1994 - 2008,Jon Lieber,2,1.0,2198.0,4.270700636942675
515,limajo01,89,102,348,235,9,5,4703,1783,917,267,393,980,4.176,27.0,43,53.0,3,6790.0,40,972,64.0,58.0,115.0,13,0.0,0,6.21,1994 - 2006,Jose Lima,2,1.0,1567.6666666666667,5.264512013608335
516,parkch01,124,98,476,287,10,2,5979,1872,965,230,910,1715,4.885000000000001,35.0,75,138.0,14,8714.0,52,1046,99.0,56.0,171.0,17,0.0,0,18.07,1994 - 2010,Chan Ho Park,2,0.0,1993.0,4.357752132463623
517,byrdpa01,109,96,345,256,17,0,5091,1857,831,247,401,923,4.755,23.0,35,62.0,7,7266.0,30,929,39.0,57.0,124.0,14,0.0,0,15.920000000000002,1995 - 2009,Paul Byrd,2,0.0,1697.0,4.407189157336476
518,estessh01,101,93,283,281,14,0,5035,1708,879,158,858,1210,3.749,36.0,79,57.0,9,7403.0,0,950,102.0,49.0,241.0,13,0.0,0,9.26,1995 - 2008,Shawn Estes,2,0.0,1678.3333333333333,4.713604766633566
521,loaizes01,126,114,377,333,14,1,6297,2352,1084,259,604,1382,5.329000000000001,40.0,32,75.0,9,9106.0,16,1170,73.0,79.0,182.0,14,0.0,0,22.95,1995 - 2008,Esteban Loaiza,2,1.0,2099.0,4.647927584564078
524,pettian01,256,153,531,521,26,0,9948,3448,1418,288,1031,2448,4.797000000000001,42.0,69,55.0,11,14074.0,3,1572,108.0,82.0,362.0,18,0.0,0,60.67,1995 - 2013,Andy Pettitte,2,2.0,3316.0,3.848612786489747
527,schmija01,130,96,323,314,20,0,5989,1846,878,184,792,1758,4.065,35.0,93,52.0,11,8532.0,1,958,81.0,57.0,120.0,14,0.0,0,31.7,1995 - 2009,Jason Schmidt,2,0.0,1996.3333333333333,3.9582568041409254
528,suppaje01,140,146,448,417,16,0,7628,2843,1328,337,871,1390,5.785999999999999,58.0,89,94.0,6,11139.0,16,1451,112.0,80.0,273.0,17,0.0,0,15.67,1995 - 2012,Jeff Suppan,2,0.0,2542.6666666666665,4.7005768222338755
531,desseel01,52,64,441,140,2,5,3523,1300,579,145,348,693,4.8950000000000005,45.0,22,24.0,4,5062.0,64,628,59.0,35.0,112.0,14,0.0,0,11.32,1996 - 2010,Elmer Dessens,2,0.0,1174.3333333333333,4.437411297189895
532,hernali01,178,177,519,474,50,1,9567,3525,1572,362,1066,1976,6.3530000000000015,86.0,41,78.0,13,13816.0,17,1686,174.0,118.0,299.0,17,0.0,0,24.76,1996 - 2012,Livan Hernandez,2,0.0,3189.0,4.436500470366886
534,moehlbr01,84,107,332,252,11,1,4702,1834,837,199,454,859,4.351000000000001,37.0,25,36.0,3,6844.0,40,897,58.0,42.0,159.0,14,0.0,0,12.43,1996 - 2010,Brian Moehler,2,0.0,1567.3333333333333,4.806252658443216
535,wrighja01,97,130,719,248,6,2,6110,2168,1088,200,978,1189,5.718999999999999,73.0,87,155.0,13,9038.0,133,1208,80.0,60.0,271.0,19,0.0,0,10.17,1996 - 2014,Jamey Wright,2,0.0,2036.6666666666667,4.80785597381342
536,carpech01,144,94,350,332,33,0,6658,2205,927,220,627,1697,4.073,23.0,51,85.0,3,9305.0,6,1021,75.0,48.0,223.0,15,0.0,0,35.24,1997 - 2012,Chris Carpenter,2,1.0,2219.3333333333335,3.7592370081105435
538,lowede01,176,157,681,377,10,86,8014,2759,1195,217,794,1722,5.118,67.0,55,78.0,13,11358.0,168,1333,100.0,56.0,315.0,17,0.0,0,33.06,1997 - 2013,Derek Lowe,2,1.0,2671.3333333333335,4.026079361118043
540,millwke01,169,152,451,443,22,0,8161,2770,1243,296,843,2083,4.245,46.0,67,74.0,4,11616.0,3,1357,105.0,53.0,211.0,16,0.0,0,30.71,1997 - 2012,Kevin Millwood,2,0.0,2720.3333333333335,4.112363680921455
542,tomkobr01,100,103,397,266,13,2,5448,1898,939,255,582,1209,4.347,52.0,63,37.0,3,7824.0,39,1011,82.0,56.0,130.0,14,0.0,0,10.92,1997 - 2011,Brett Tomko,2,0.0,1816.0,4.65363436123348
543,chenbr01,82,81,400,227,4,1,4596,1578,786,257,546,1140,6.173,40.0,30,45.0,3,6619.0,56,849,45.0,53.0,92.0,17,0.0,0,10.77,1998 - 2015,Bruce Chen,2,0.0,1532.0,4.617493472584856
544,dempsry01,132,133,579,351,11,87,7161,2347,1154,267,1071,2075,4.673,47.0,80,91.0,3,10412.0,186,1250,100.0,64.0,209.0,16,0.0,0,22.25,1998 - 2013,Ryan Dempster,2,0.0,2387.0,4.351068286552158
545,hallaro01,203,105,416,390,67,1,8248,2646,1034,236,592,2117,4.027000000000001,28.0,56,81.0,9,11287.0,6,1135,69.0,61.0,249.0,16,1.0,0,65.38,1998 - 2013,Roy Halladay,2,3.0,2749.3333333333335,3.3848205625606207
547,pavanca01,108,107,302,284,17,0,5366,1971,873,200,425,1091,4.606999999999999,41.0,26,84.0,16,7643.0,3,955,58.0,58.0,153.0,14,0.0,0,16.62,1998 - 2012,Carl Pavano,2,0.0,1788.6666666666667,4.3926574729780095
548,vazquja01,165,160,450,443,28,0,8520,2784,1331,373,763,2536,3.576,58.0,76,88.0,4,11935.0,5,1431,103.0,66.0,195.0,14,0.0,0,43.39,1998 - 2011,Javier Vazquez,2,0.0,2840.0,4.217957746478874
549,woodke02,86,75,446,178,11,63,4140,1083,563,148,666,1582,3.3460000000000005,22.0,64,99.0,6,5863.0,138,599,54.0,43.0,83.0,14,0.0,0,26.76,1998 - 2012,Kerry Wood,2,0.0,1380.0,3.6717391304347826
550,burneaj01,164,157,435,430,24,0,8194,2519,1210,263,1100,2513,4.1530000000000005,35.0,161,143.0,6,11665.0,1,1328,85.0,88.0,241.0,17,0.0,0,0.0,1999 - 2015,A. J. Burnett,2,0.0,2731.3333333333335,3.9870637051501094
552,davisdo02,92,108,306,286,7,0,5147,1813,846,180,783,1279,4.571,28.0,63,44.0,10,7597.0,4,921,100.0,45.0,173.0,13,0.0,0,21.47,1999 - 2011,Doug Davis,2,0.0,1715.6666666666667,4.437925004857198
556,garcifr02,156,108,376,357,12,0,6792,2243,1045,285,708,1621,4.373,42.0,95,67.0,9,9595.0,13,1101,59.0,62.0,190.0,15,0.0,0,0.0,1999 - 2013,Freddy Garcia,2,0.0,2264.0,4.154151943462898
557,hudsoti01,222,133,482,479,26,0,9380,2957,1213,248,917,2080,4.3050000000000015,84.0,84,124.0,6,13005.0,0,1319,113.0,64.0,335.0,17,0.0,0,56.55,1999 - 2015,Tim Hudson,2,1.0,3126.6666666666665,3.491577825159915
558,lillyte01,130,113,356,331,5,0,5948,1827,913,293,661,1681,4.153,35.0,58,63.0,29,8390.0,5,974,68.0,47.0,105.0,15,0.0,0,29.17,1999 - 2013,Ted Lilly,2,0.0,1982.6666666666667,4.144418291862811
561,padilvi01,108,91,386,237,4,6,4714,1612,754,181,551,1121,4.47,45.0,37,109.0,12,6808.0,37,823,63.0,39.0,167.0,14,0.0,0,11.98,1999 - 2012,Vicente Padilla,2,0.0,1571.3333333333333,4.318625371234621
564,wolfra02,133,125,390,379,13,1,6985,2310,1097,296,831,1814,4.872,39.0,44,103.0,3,9977.0,3,1173,113.0,61.0,198.0,16,0.0,0,19.54,1999 - 2015,Randy Wolf,2,0.0,2328.3333333333335,4.240372226198998
565,buehrma01,214,160,518,493,33,0,9850,3472,1391,361,734,1870,4.375,49.0,27,79.0,16,13705.0,6,1542,108.0,91.0,362.0,16,0.0,0,60.01,2000 - 2015,Mark Buehrle,2,0.0,3283.3333333333335,3.8128934010152284
568,garlajo01,136,125,365,342,11,1,6454,2260,1045,263,723,1156,3.857,39.0,50,63.0,1,9197.0,9,1149,70.0,72.0,250.0,13,0.0,0,22.42,2000 - 2013,Jon Garland,2,0.0,2151.3333333333335,4.371707468236752
569,marquja01,124,118,377,318,8,1,5905,2079,1008,253,769,1174,4.864,41.0,56,88.0,9,8623.0,26,1114,94.0,61.0,216.0,15,0.0,0,4.3,2000 - 2015,Jason Marquis,2,0.0,1968.3333333333333,4.608975444538527
570,pennybr01,121,101,349,319,4,0,5775,2030,917,194,619,1273,4.345,38.0,54,53.0,6,8218.0,10,990,78.0,47.0,218.0,14,0.0,0,18.8,2000 - 2014,Brad Penny,2,0.0,1925.0,4.287272727272727
571,westbja01,105,103,315,273,15,0,5243,1885,839,148,571,965,4.08,37.0,41,68.0,1,7517.0,11,922,61.0,48.0,239.0,13,0.0,0,12.82,2000 - 2013,Jake Westbrook,2,0.0,1747.6666666666667,4.320617966812893
572,zitoba01,165,143,433,421,12,0,7730,2381,1157,282,1064,1885,3.841,52.0,50,97.0,8,11001.0,9,1254,105.0,73.0,219.0,15,0.0,0,33.05,2000 - 2015,Barry Zito,2,1.0,2576.6666666666665,4.041267787839586
573,beckejo02,138,106,335,332,12,0,6153,1897,884,238,629,1901,3.639,28.0,59,76.0,3,8579.0,1,957,66.0,41.0,139.0,14,0.0,0,35.29,2001 - 2014,Josh Beckett,2,1.0,2051.0,3.87908337396392
575,lohseky01,147,143,457,418,12,2,7595,2711,1239,316,694,1615,5.090999999999999,34.0,57,87.0,4,10839.0,15,1327,99.0,78.0,191.0,16,0.0,0,19.43,2001 - 2016,Kyle Lohse,2,0.0,2531.6666666666665,4.404608294930876
576,oswalro01,163,102,365,341,20,0,6736,2199,838,197,520,1852,3.669000000000001,34.0,30,80.0,7,9301.0,7,897,105.0,57.0,201.0,13,0.0,0,49.91,2001 - 2013,Roy Oswalt,2,2.0,2245.3333333333335,3.35896674584323
578,haranaa01,128,143,387,381,15,0,6966,2445,1099,298,712,1842,4.367000000000001,54.0,76,63.0,3,9975.0,2,1177,112.0,67.0,160.0,14,0.0,0,23.81,2002 - 2015,Aaron Harang,2,0.0,2322.0,4.25968992248062
579,leecl02,143,91,328,324,29,0,6470,2116,843,223,464,1824,3.763,12.0,41,50.0,2,8917.0,1,923,53.0,54.0,166.0,13,0.0,0,42.52,2002 - 2014,Cliff Lee,2,1.0,2156.6666666666665,3.517928902627512
580,peavyja01,152,126,388,377,15,0,7131,2134,960,259,708,2207,4.276999999999999,42.0,46,78.0,14,9838.0,3,1011,63.0,62.0,166.0,15,0.0,0,37.21,2002 - 2016,Jake Peavy,2,0.0,2377.0,3.6348338241480858
582,correke01,76,98,358,221,2,0,4286,1569,734,179,474,906,4.041,30.0,32,39.0,4,6227.0,31,789,63.0,47.0,117.0,13,0.0,0,4.24,2003 - 2015,Kevin Correia,2,0.0,1428.6666666666667,4.62389174055063
584,harenda01,153,131,391,380,16,1,7259,2357,1009,305,500,2013,3.837999999999999,39.0,98,67.0,5,10022.0,4,1105,78.0,63.0,152.0,13,0.0,0,32.9,2003 - 2015,Dan Haren,2,0.0,2419.6666666666665,3.752996280479405
586,floydga01,74,76,243,196,5,0,3750,1239,607,160,415,985,3.38,25.0,64,66.0,3,5344.0,17,664,32.0,36.0,132.0,13,0.0,0,16.37,2004 - 2016,Gavin Floyd,2,0.0,1250.0,4.3704
